[{"pk": "179", "model": "scoutingapp.team", "fields": {"team_color": null, "team_name": "Children of the Swamp"}}, {"pk": 1, "model": "scoutingapp.myuser", "fields": {"email": "kurt4wilson@gmail.com", "team": "179", "is_active": true, "is_admin": true, "password": "pbkdf2_sha256$20000$cQVZov4cUIMN$pxDVCX/t8syHuPlW5eBhEdC67JwUOy0ZtMJEBWHrUW0=", "last_login": "2017-02-18T15:22:31.844Z"}}, {"pk": 1, "model": "scoutingapp.endgamestate", "fields": {"state": "Challenged"}}, {"pk": 2, "model": "scoutingapp.endgamestate", "fields": {"state": "Scaled"}}, {"pk": 3, "model": "scoutingapp.endgamestate", "fields": {"state": "Missed Game"}}, {"pk": 4, "model": "scoutingapp.endgamestate", "fields": {"state": "Rolled Off Batter"}}, {"pk": 5, "model": "scoutingapp.endgamestate", "fields": {"state": "Incapacitated"}}, {"pk": 6, "model": "scoutingapp.endgamestate", "fields": {"state": "Disabled"}}, {"pk": 1, "model": "scoutingapp.card", "fields": {"card_name": "1st Yellow Card"}}, {"pk": 3, "model": "scoutingapp.card", "fields": {"card_name": "Red Card"}}, {"pk": 1, "model": "scoutingapp.hopperload", "fields": {"name": "Start (10)"}}, {"pk": 2, "model": "scoutingapp.hopperload", "fields": {"name": "Small (10-25)"}}, {"pk": 3, "model": "scoutingapp.hopperload", "fields": {"name": "Medium (25-50)"}}, {"pk": 4, "model": "scoutingapp.hopperload", "fields": {"name": "Large (50-75)"}}, {"pk": 5, "model": "scoutingapp.hopperload", "fields": {"name": "Extra Large (75-100)"}}, {"pk": 6, "model": "scoutingapp.hopperload", "fields": {"name": "Monster (100+)"}}, {"pk": 7, "model": "scoutingapp.hopperload", "fields": {"name": "None"}}, {"pk": 1, "model": "scoutingapp.highefficiency", "fields": {"name": "None (0)"}}, {"pk": 2, "model": "scoutingapp.highefficiency", "fields": {"name": "Horrible (1-25%)"}}, {"pk": 3, "model": "scoutingapp.highefficiency", "fields": {"name": "Poor (25-50%)"}}, {"pk": 4, "model": "scoutingapp.highefficiency", "fields": {"name": "Good (50-75%)"}}, {"pk": 5, "model": "scoutingapp.highefficiency", "fields": {"name": "Great (75-95%)"}}, {"pk": 6, "model": "scoutingapp.highefficiency", "fields": {"name": "Amazing (95-100%)"}}, {"pk": 24, "model": "scoutingapp.match", "fields": {"scouted_by": 1, "auto_high_efficiency_load": 6, "auto_gears_scored": "1", "gears_picked_up": "0", "trigger_hopper": "0", "robot_end_game": 3, "robot_card": null, "match_number": "2", "auto_low_efficiency_load": 4, "auto_hopper_load": 3, "gears_aquired": "0", "tournament": null, "auto_trigger_hopper": "0", "auto_score_gear_yn": false, "gears_scored": "0", "auto_low_goal": false, "scouted_team": "179", "auto_move_yn": false}}, {"pk": 25, "model": "scoutingapp.match", "fields": {"scouted_by": 1, "auto_high_efficiency_load": 4, "auto_gears_scored": "1", "gears_picked_up": "0", "trigger_hopper": "0", "robot_end_game": 3, "robot_card": null, "match_number": "5", "auto_low_efficiency_load": 3, "auto_hopper_load": 4, "gears_aquired": "0", "tournament": null, "auto_trigger_hopper": "0", "auto_score_gear_yn": false, "gears_scored": "0", "auto_low_goal": false, "scouted_team": "179", "auto_move_yn": false}}, {"pk": 26, "model": "scoutingapp.match", "fields": {"scouted_by": 1, "auto_high_efficiency_load": 4, "auto_gears_scored": "1", "gears_picked_up": "0", "trigger_hopper": "0", "robot_end_game": 3, "robot_card": null, "match_number": "5", "auto_low_efficiency_load": 3, "auto_hopper_load": 4, "gears_aquired": "0", "tournament": null, "auto_trigger_hopper": "0", "auto_score_gear_yn": false, "gears_scored": "0", "auto_low_goal": false, "scouted_team": "179", "auto_move_yn": false}}, {"pk": 27, "model": "scoutingapp.match", "fields": {"scouted_by": 1, "auto_high_efficiency_load": 4, "auto_gears_scored": "1", "gears_picked_up": "0", "trigger_hopper": "0", "robot_end_game": 3, "robot_card": null, "match_number": "7", "auto_low_efficiency_load": 3, "auto_hopper_load": 4, "gears_aquired": "0", "tournament": null, "auto_trigger_hopper": "0", "auto_score_gear_yn": false, "gears_scored": "0", "auto_low_goal": false, "scouted_team": "179", "auto_move_yn": false}}, {"pk": 28, "model": "scoutingapp.match", "fields": {"scouted_by": 1, "auto_high_efficiency_load": 4, "auto_gears_scored": "1", "gears_picked_up": "0", "trigger_hopper": "0", "robot_end_game": 3, "robot_card": null, "match_number": "7", "auto_low_efficiency_load": 3, "auto_hopper_load": 4, "gears_aquired": "0", "tournament": null, "auto_trigger_hopper": "0", "auto_score_gear_yn": false, "gears_scored": "0", "auto_low_goal": false, "scouted_team": "179", "auto_move_yn": false}}, {"pk": 29, "model": "scoutingapp.match", "fields": {"scouted_by": 1, "auto_high_efficiency_load": 2, "auto_gears_scored": "1", "gears_picked_up": "0", "trigger_hopper": "3", "robot_end_game": 3, "robot_card": null, "match_number": "7", "auto_low_efficiency_load": 3, "auto_hopper_load": 5, "gears_aquired": "0", "tournament": null, "auto_trigger_hopper": "0", "auto_score_gear_yn": false, "gears_scored": "0", "auto_low_goal": false, "scouted_team": "179", "auto_move_yn": false}}, {"pk": 30, "model": "scoutingapp.match", "fields": {"scouted_by": 1, "auto_high_efficiency_load": 2, "auto_gears_scored": "1", "gears_picked_up": "0", "trigger_hopper": "3", "robot_end_game": 3, "robot_card": null, "match_number": "9", "auto_low_efficiency_load": 3, "auto_hopper_load": 5, "gears_aquired": "0", "tournament": null, "auto_trigger_hopper": "0", "auto_score_gear_yn": false, "gears_scored": "0", "auto_low_goal": false, "scouted_team": "179", "auto_move_yn": false}}, {"pk": 31, "model": "scoutingapp.match", "fields": {"scouted_by": 1, "auto_high_efficiency_load": 2, "auto_gears_scored": "1", "gears_picked_up": "0", "trigger_hopper": "3", "robot_end_game": 3, "robot_card": null, "match_number": "9", "auto_low_efficiency_load": 3, "auto_hopper_load": 5, "gears_aquired": "0", "tournament": null, "auto_trigger_hopper": "0", "auto_score_gear_yn": false, "gears_scored": "0", "auto_low_goal": false, "scouted_team": "179", "auto_move_yn": false}}, {"pk": 32, "model": "scoutingapp.match", "fields": {"scouted_by": 1, "auto_high_efficiency_load": 2, "auto_gears_scored": "1", "gears_picked_up": "0", "trigger_hopper": "3", "robot_end_game": 3, "robot_card": null, "match_number": "13", "auto_low_efficiency_load": 3, "auto_hopper_load": 5, "gears_aquired": "0", "tournament": null, "auto_trigger_hopper": "0", "auto_score_gear_yn": false, "gears_scored": "0", "auto_low_goal": false, "scouted_team": "179", "auto_move_yn": false}}, {"pk": 33, "model": "scoutingapp.match", "fields": {"scouted_by": 1, "auto_high_efficiency_load": 2, "auto_gears_scored": "1", "gears_picked_up": "0", "trigger_hopper": "3", "robot_end_game": 3, "robot_card": null, "match_number": "16", "auto_low_efficiency_load": 3, "auto_hopper_load": 5, "gears_aquired": "0", "tournament": null, "auto_trigger_hopper": "0", "auto_score_gear_yn": false, "gears_scored": "0", "auto_low_goal": false, "scouted_team": "179", "auto_move_yn": false}}, {"pk": 34, "model": "scoutingapp.match", "fields": {"scouted_by": 1, "auto_high_efficiency_load": 2, "auto_gears_scored": "1", "gears_picked_up": "0", "trigger_hopper": "3", "robot_end_game": 3, "robot_card": null, "match_number": "18", "auto_low_efficiency_load": 3, "auto_hopper_load": 5, "gears_aquired": "0", "tournament": null, "auto_trigger_hopper": "0", "auto_score_gear_yn": false, "gears_scored": "0", "auto_low_goal": false, "scouted_team": "179", "auto_move_yn": false}}, {"pk": 35, "model": "scoutingapp.match", "fields": {"scouted_by": 1, "auto_high_efficiency_load": 2, "auto_gears_scored": "1", "gears_picked_up": "0", "trigger_hopper": "3", "robot_end_game": 3, "robot_card": null, "match_number": "22", "auto_low_efficiency_load": 3, "auto_hopper_load": 5, "gears_aquired": "0", "tournament": null, "auto_trigger_hopper": "0", "auto_score_gear_yn": false, "gears_scored": "0", "auto_low_goal": false, "scouted_team": "179", "auto_move_yn": false}}, {"pk": 36, "model": "scoutingapp.match", "fields": {"scouted_by": 1, "auto_high_efficiency_load": 2, "auto_gears_scored": "1", "gears_picked_up": "0", "trigger_hopper": "3", "robot_end_game": 3, "robot_card": null, "match_number": "22", "auto_low_efficiency_load": 3, "auto_hopper_load": 5, "gears_aquired": "0", "tournament": null, "auto_trigger_hopper": "0", "auto_score_gear_yn": false, "gears_scored": "0", "auto_low_goal": false, "scouted_team": "179", "auto_move_yn": false}}, {"pk": 37, "model": "scoutingapp.match", "fields": {"scouted_by": 1, "auto_high_efficiency_load": 2, "auto_gears_scored": "1", "gears_picked_up": "0", "trigger_hopper": "3", "robot_end_game": 3, "robot_card": null, "match_number": "22", "auto_low_efficiency_load": 3, "auto_hopper_load": 5, "gears_aquired": "0", "tournament": null, "auto_trigger_hopper": "0", "auto_score_gear_yn": false, "gears_scored": "0", "auto_low_goal": false, "scouted_team": "179", "auto_move_yn": false}}, {"pk": 38, "model": "scoutingapp.match", "fields": {"scouted_by": 1, "auto_high_efficiency_load": 2, "auto_gears_scored": "1", "gears_picked_up": "0", "trigger_hopper": "3", "robot_end_game": 3, "robot_card": null, "match_number": "22", "auto_low_efficiency_load": 3, "auto_hopper_load": 5, "gears_aquired": "0", "tournament": null, "auto_trigger_hopper": "0", "auto_score_gear_yn": false, "gears_scored": "0", "auto_low_goal": false, "scouted_team": "179", "auto_move_yn": false}}, {"pk": 39, "model": "scoutingapp.match", "fields": {"scouted_by": 1, "auto_high_efficiency_load": null, "auto_gears_scored": "1", "gears_picked_up": "0", "trigger_hopper": "0", "robot_end_game": 3, "robot_card": null, "match_number": "4", "auto_low_efficiency_load": null, "auto_hopper_load": null, "gears_aquired": "0", "tournament": null, "auto_trigger_hopper": "0", "auto_score_gear_yn": false, "gears_scored": "0", "auto_low_goal": false, "scouted_team": "179", "auto_move_yn": false}}, {"pk": 40, "model": "scoutingapp.match", "fields": {"scouted_by": 1, "auto_high_efficiency_load": null, "auto_gears_scored": "1", "gears_picked_up": "0", "trigger_hopper": "0", "robot_end_game": 3, "robot_card": null, "match_number": "2", "auto_low_efficiency_load": null, "auto_hopper_load": null, "gears_aquired": "0", "tournament": null, "auto_trigger_hopper": "0", "auto_score_gear_yn": false, "gears_scored": "0", "auto_low_goal": false, "scouted_team": "179", "auto_move_yn": false}}, {"pk": 41, "model": "scoutingapp.match", "fields": {"scouted_by": 1, "auto_high_efficiency_load": null, "auto_gears_scored": "1", "gears_picked_up": "0", "trigger_hopper": "0", "robot_end_game": 3, "robot_card": null, "match_number": "3", "auto_low_efficiency_load": null, "auto_hopper_load": null, "gears_aquired": "0", "tournament": null, "auto_trigger_hopper": "0", "auto_score_gear_yn": false, "gears_scored": "0", "auto_low_goal": false, "scouted_team": "179", "auto_move_yn": false}}, {"pk": 42, "model": "scoutingapp.match", "fields": {"scouted_by": 1, "auto_high_efficiency_load": null, "auto_gears_scored": "1", "gears_picked_up": "0", "trigger_hopper": "0", "robot_end_game": 3, "robot_card": null, "match_number": "6", "auto_low_efficiency_load": null, "auto_hopper_load": null, "gears_aquired": "0", "tournament": null, "auto_trigger_hopper": "0", "auto_score_gear_yn": false, "gears_scored": "0", "auto_low_goal": false, "scouted_team": "179", "auto_move_yn": false}}, {"pk": 43, "model": "scoutingapp.match", "fields": {"scouted_by": 1, "auto_high_efficiency_load": null, "auto_gears_scored": "1", "gears_picked_up": "0", "trigger_hopper": "0", "robot_end_game": 3, "robot_card": null, "match_number": "6", "auto_low_efficiency_load": null, "auto_hopper_load": null, "gears_aquired": "0", "tournament": null, "auto_trigger_hopper": "0", "auto_score_gear_yn": false, "gears_scored": "0", "auto_low_goal": false, "scouted_team": "179", "auto_move_yn": false}}, {"pk": 44, "model": "scoutingapp.match", "fields": {"scouted_by": 1, "auto_high_efficiency_load": null, "auto_gears_scored": "1", "gears_picked_up": "0", "trigger_hopper": "0", "robot_end_game": 3, "robot_card": null, "match_number": "6", "auto_low_efficiency_load": null, "auto_hopper_load": null, "gears_aquired": "0", "tournament": null, "auto_trigger_hopper": "0", "auto_score_gear_yn": false, "gears_scored": "0", "auto_low_goal": false, "scouted_team": "179", "auto_move_yn": false}}, {"pk": 45, "model": "scoutingapp.match", "fields": {"scouted_by": 1, "auto_high_efficiency_load": null, "auto_gears_scored": "1", "gears_picked_up": "0", "trigger_hopper": "0", "robot_end_game": 3, "robot_card": null, "match_number": "9", "auto_low_efficiency_load": null, "auto_hopper_load": null, "gears_aquired": "0", "tournament": null, "auto_trigger_hopper": "0", "auto_score_gear_yn": false, "gears_scored": "0", "auto_low_goal": false, "scouted_team": "179", "auto_move_yn": false}}, {"pk": 46, "model": "scoutingapp.match", "fields": {"scouted_by": 1, "auto_high_efficiency_load": null, "auto_gears_scored": "1", "gears_picked_up": "0", "trigger_hopper": "0", "robot_end_game": 3, "robot_card": null, "match_number": "12", "auto_low_efficiency_load": null, "auto_hopper_load": null, "gears_aquired": "0", "tournament": null, "auto_trigger_hopper": "0", "auto_score_gear_yn": false, "gears_scored": "0", "auto_low_goal": false, "scouted_team": "179", "auto_move_yn": false}}, {"pk": 47, "model": "scoutingapp.match", "fields": {"scouted_by": 1, "auto_high_efficiency_load": null, "auto_gears_scored": "1", "gears_picked_up": "0", "trigger_hopper": "0", "robot_end_game": 3, "robot_card": null, "match_number": "12", "auto_low_efficiency_load": null, "auto_hopper_load": null, "gears_aquired": "0", "tournament": null, "auto_trigger_hopper": "0", "auto_score_gear_yn": false, "gears_scored": "0", "auto_low_goal": false, "scouted_team": "179", "auto_move_yn": false}}, {"pk": 48, "model": "scoutingapp.match", "fields": {"scouted_by": 1, "auto_high_efficiency_load": null, "auto_gears_scored": "1", "gears_picked_up": "0", "trigger_hopper": "0", "robot_end_game": 3, "robot_card": null, "match_number": "12", "auto_low_efficiency_load": null, "auto_hopper_load": null, "gears_aquired": "0", "tournament": null, "auto_trigger_hopper": "0", "auto_score_gear_yn": false, "gears_scored": "0", "auto_low_goal": false, "scouted_team": "179", "auto_move_yn": false}}, {"pk": 49, "model": "scoutingapp.match", "fields": {"scouted_by": 1, "auto_high_efficiency_load": null, "auto_gears_scored": "1", "gears_picked_up": "0", "trigger_hopper": "0", "robot_end_game": 3, "robot_card": null, "match_number": "12", "auto_low_efficiency_load": null, "auto_hopper_load": null, "gears_aquired": "0", "tournament": null, "auto_trigger_hopper": "0", "auto_score_gear_yn": false, "gears_scored": "0", "auto_low_goal": false, "scouted_team": "179", "auto_move_yn": false}}, {"pk": 50, "model": "scoutingapp.match", "fields": {"scouted_by": 1, "auto_high_efficiency_load": null, "auto_gears_scored": "1", "gears_picked_up": "0", "trigger_hopper": "0", "robot_end_game": 3, "robot_card": null, "match_number": "12", "auto_low_efficiency_load": null, "auto_hopper_load": null, "gears_aquired": "0", "tournament": null, "auto_trigger_hopper": "0", "auto_score_gear_yn": false, "gears_scored": "0", "auto_low_goal": false, "scouted_team": "179", "auto_move_yn": false}}, {"pk": 51, "model": "scoutingapp.match", "fields": {"scouted_by": 1, "auto_high_efficiency_load": null, "auto_gears_scored": "1", "gears_picked_up": "0", "trigger_hopper": "0", "robot_end_game": 3, "robot_card": null, "match_number": "18", "auto_low_efficiency_load": null, "auto_hopper_load": null, "gears_aquired": "0", "tournament": null, "auto_trigger_hopper": "0", "auto_score_gear_yn": false, "gears_scored": "0", "auto_low_goal": false, "scouted_team": "179", "auto_move_yn": false}}, {"pk": 52, "model": "scoutingapp.match", "fields": {"scouted_by": 1, "auto_high_efficiency_load": null, "auto_gears_scored": "1", "gears_picked_up": "0", "trigger_hopper": "0", "robot_end_game": 3, "robot_card": null, "match_number": "18", "auto_low_efficiency_load": null, "auto_hopper_load": null, "gears_aquired": "0", "tournament": null, "auto_trigger_hopper": "0", "auto_score_gear_yn": false, "gears_scored": "0", "auto_low_goal": false, "scouted_team": "179", "auto_move_yn": false}}, {"pk": 53, "model": "scoutingapp.match", "fields": {"scouted_by": 1, "auto_high_efficiency_load": null, "auto_gears_scored": "1", "gears_picked_up": "0", "trigger_hopper": "0", "robot_end_game": 3, "robot_card": null, "match_number": "18", "auto_low_efficiency_load": null, "auto_hopper_load": null, "gears_aquired": "0", "tournament": null, "auto_trigger_hopper": "0", "auto_score_gear_yn": false, "gears_scored": "0", "auto_low_goal": false, "scouted_team": "179", "auto_move_yn": false}}, {"pk": 54, "model": "scoutingapp.match", "fields": {"scouted_by": 1, "auto_high_efficiency_load": null, "auto_gears_scored": "1", "gears_picked_up": "0", "trigger_hopper": "0", "robot_end_game": 3, "robot_card": null, "match_number": "18", "auto_low_efficiency_load": null, "auto_hopper_load": null, "gears_aquired": "0", "tournament": null, "auto_trigger_hopper": "0", "auto_score_gear_yn": false, "gears_scored": "0", "auto_low_goal": false, "scouted_team": "179", "auto_move_yn": false}}, {"pk": 55, "model": "scoutingapp.match", "fields": {"scouted_by": 1, "auto_high_efficiency_load": null, "auto_gears_scored": "1", "gears_picked_up": "0", "trigger_hopper": "0", "robot_end_game": 3, "robot_card": null, "match_number": "4", "auto_low_efficiency_load": null, "auto_hopper_load": null, "gears_aquired": "0", "tournament": null, "auto_trigger_hopper": "0", "auto_score_gear_yn": false, "gears_scored": "0", "auto_low_goal": false, "scouted_team": "179", "auto_move_yn": false}}, {"pk": 56, "model": "scoutingapp.match", "fields": {"scouted_by": 1, "auto_high_efficiency_load": null, "auto_gears_scored": "1", "gears_picked_up": "0", "trigger_hopper": "0", "robot_end_game": 3, "robot_card": null, "match_number": "4", "auto_low_efficiency_load": null, "auto_hopper_load": null, "gears_aquired": "0", "tournament": null, "auto_trigger_hopper": "0", "auto_score_gear_yn": false, "gears_scored": "0", "auto_low_goal": false, "scouted_team": "179", "auto_move_yn": false}}, {"pk": 9, "model": "scoutingapp.volley", "fields": {"match": 47, "ball_count": "Monster_(100+)", "accuracy": "Amazing_(95-100%)", "goal_type": "High_Goal"}}, {"pk": 10, "model": "scoutingapp.volley", "fields": {"match": 47, "ball_count": "Monster_(100+)", "accuracy": "Amazing_(95-100%)", "goal_type": "High_Goal"}}, {"pk": 11, "model": "scoutingapp.volley", "fields": {"match": 48, "ball_count": "Monster_(100+)", "accuracy": "Amazing_(95-100%)", "goal_type": "High_Goal"}}, {"pk": 12, "model": "scoutingapp.volley", "fields": {"match": 48, "ball_count": "Monster_(100+)", "accuracy": "Amazing_(95-100%)", "goal_type": "High_Goal"}}, {"pk": 13, "model": "scoutingapp.volley", "fields": {"match": 49, "ball_count": "Monster_(100+)", "accuracy": "Amazing_(95-100%)", "goal_type": "High_Goal"}}, {"pk": 14, "model": "scoutingapp.volley", "fields": {"match": 49, "ball_count": "Monster_(100+)", "accuracy": "Amazing_(95-100%)", "goal_type": "High_Goal"}}, {"pk": 15, "model": "scoutingapp.volley", "fields": {"match": 50, "ball_count": "Monster_(100+)", "accuracy": "Amazing_(95-100%)", "goal_type": "High_Goal"}}, {"pk": 16, "model": "scoutingapp.volley", "fields": {"match": 50, "ball_count": "Monster_(100+)", "accuracy": "Amazing_(95-100%)", "goal_type": "High_Goal"}}, {"pk": 17, "model": "scoutingapp.volley", "fields": {"match": 51, "ball_count": "Monster_(100+)", "accuracy": "Amazing_(95-100%)", "goal_type": "High_Goal"}}, {"pk": 18, "model": "scoutingapp.volley", "fields": {"match": 52, "ball_count": "Monster_(100+)", "accuracy": "Amazing_(95-100%)", "goal_type": "High_Goal"}}, {"pk": 19, "model": "scoutingapp.volley", "fields": {"match": 53, "ball_count": "Monster_(100+)", "accuracy": "Amazing_(95-100%)", "goal_type": "High_Goal"}}, {"pk": 20, "model": "scoutingapp.volley", "fields": {"match": 54, "ball_count": "Monster_(100+)", "accuracy": "Amazing_(95-100%)", "goal_type": "High_Goal"}}, {"pk": 1, "model": "scoutingapp.gear", "fields": {"match": 54, "dropped": "Droppped", "source": "Floor"}}, {"pk": 2, "model": "scoutingapp.gear", "fields": {"match": 54, "dropped": "Droppped", "source": "Floor"}}, {"pk": 1, "model": "scoutingapp.alliance", "fields": {"color": "Blue"}}, {"pk": 2, "model": "scoutingapp.alliance", "fields": {"color": "Red"}}, {"pk": 1, "model": "scoutingapp.alliancematch", "fields": {"robot_1_driver_skill": "0", "robot_2_breach_ability": "0", "robot_2_driver_skill": "0", "scouted_by": 1, "robot_3_breach_ability": "0", "alliance": 2, "match_number": "1", "robot_3_driver_skill": "0", "robot_1_breach_ability": "0"}}, {"pk": 1, "model": "admin.logentry", "fields": {"change_message": "", "user": 1, "object_id": "1", "object_repr": "D2: Rough Terrain", "action_flag": 1, "content_type": null, "action_time": "2016-06-20T21:59:23.383Z"}}, {"pk": 2, "model": "admin.logentry", "fields": {"change_message": "", "user": 1, "object_id": "2", "object_repr": "D1: Rock Wall", "action_flag": 1, "content_type": null, "action_time": "2016-06-20T21:59:45.134Z"}}, {"pk": 3, "model": "admin.logentry", "fields": {"change_message": "", "user": 1, "object_id": "3", "object_repr": "C2: Sally Port", "action_flag": 1, "content_type": null, "action_time": "2016-06-20T22:00:08.344Z"}}, {"pk": 4, "model": "admin.logentry", "fields": {"change_message": "", "user": 1, "object_id": "4", "object_repr": "C1: Drawbridge", "action_flag": 1, "content_type": null, "action_time": "2016-06-20T22:00:15.530Z"}}, {"pk": 5, "model": "admin.logentry", "fields": {"change_message": "", "user": 1, "object_id": "5", "object_repr": "B2: Moat", "action_flag": 1, "content_type": null, "action_time": "2016-06-20T22:00:22.536Z"}}, {"pk": 6, "model": "admin.logentry", "fields": {"change_message": "", "user": 1, "object_id": "6", "object_repr": "B1: Ramparts", "action_flag": 1, "content_type": null, "action_time": "2016-06-20T22:00:30.983Z"}}, {"pk": 7, "model": "admin.logentry", "fields": {"change_message": "", "user": 1, "object_id": "7", "object_repr": "A2: Cheval de Frise", "action_flag": 1, "content_type": null, "action_time": "2016-06-20T22:00:46.728Z"}}, {"pk": 8, "model": "admin.logentry", "fields": {"change_message": "", "user": 1, "object_id": "8", "object_repr": "A1: Portcullis", "action_flag": 1, "content_type": null, "action_time": "2016-06-20T22:00:54.204Z"}}, {"pk": 9, "model": "admin.logentry", "fields": {"change_message": "", "user": 1, "object_id": "9", "object_repr": "XX: Low Bar", "action_flag": 1, "content_type": null, "action_time": "2016-06-20T22:01:00.507Z"}}, {"pk": 10, "model": "admin.logentry", "fields": {"change_message": "", "user": 1, "object_id": "1", "object_repr": "Tournament object", "action_flag": 1, "content_type": 1, "action_time": "2016-06-20T22:21:03.264Z"}}, {"pk": 11, "model": "admin.logentry", "fields": {"change_message": "", "user": 1, "object_id": "179", "object_repr": "179: Children of the Swamp", "action_flag": 1, "content_type": 2, "action_time": "2016-06-20T23:10:06.891Z"}}, {"pk": 12, "model": "admin.logentry", "fields": {"change_message": "", "user": 1, "object_id": "2", "object_repr": "IRC", "action_flag": 1, "content_type": 1, "action_time": "2016-06-24T22:23:47.444Z"}}, {"pk": 13, "model": "admin.logentry", "fields": {"change_message": "", "user": 1, "object_id": "180", "object_repr": "180: SPAM", "action_flag": 1, "content_type": 2, "action_time": "2016-06-25T15:51:24.073Z"}}, {"pk": 14, "model": "admin.logentry", "fields": {"change_message": "", "user": 1, "object_id": "5", "object_repr": "5", "action_flag": 3, "content_type": 6, "action_time": "2016-07-09T17:07:12.340Z"}}, {"pk": 15, "model": "admin.logentry", "fields": {"change_message": "", "user": 1, "object_id": "4", "object_repr": "55", "action_flag": 3, "content_type": 6, "action_time": "2016-07-09T17:07:12.449Z"}}, {"pk": 16, "model": "admin.logentry", "fields": {"change_message": "", "user": 1, "object_id": "3", "object_repr": "5", "action_flag": 3, "content_type": 6, "action_time": "2016-07-09T17:07:12.526Z"}}, {"pk": 17, "model": "admin.logentry", "fields": {"change_message": "", "user": 1, "object_id": "2", "object_repr": "5", "action_flag": 3, "content_type": 6, "action_time": "2016-07-09T17:07:12.604Z"}}, {"pk": 18, "model": "admin.logentry", "fields": {"change_message": "", "user": 1, "object_id": "1", "object_repr": "1", "action_flag": 3, "content_type": 6, "action_time": "2016-07-09T17:07:12.690Z"}}, {"pk": 25, "model": "admin.logentry", "fields": {"change_message": "", "user": 1, "object_id": "2", "object_repr": "IRC", "action_flag": 3, "content_type": 1, "action_time": "2016-07-25T22:12:57.393Z"}}, {"pk": 26, "model": "admin.logentry", "fields": {"change_message": "", "user": 1, "object_id": "1", "object_repr": "Palmetto", "action_flag": 3, "content_type": 1, "action_time": "2016-07-25T22:12:57.467Z"}}, {"pk": 29, "model": "admin.logentry", "fields": {"change_message": "", "user": 1, "object_id": "1", "object_repr": "1: The Juggernauts", "action_flag": 3, "content_type": 2, "action_time": "2016-07-25T22:13:22.712Z"}}, {"pk": 30, "model": "admin.logentry", "fields": {"change_message": "", "user": 1, "object_id": "4", "object_repr": "4: Team 4 ELEMENT", "action_flag": 3, "content_type": 2, "action_time": "2016-07-25T22:13:22.818Z"}}, {"pk": 31, "model": "admin.logentry", "fields": {"change_message": "", "user": 1, "object_id": "5", "object_repr": "5: Robocards", "action_flag": 3, "content_type": 2, "action_time": "2016-07-25T22:13:22.906Z"}}, {"pk": 32, "model": "admin.logentry", "fields": {"change_message": "", "user": 1, "object_id": "6", "object_repr": "6: The CogSquad", "action_flag": 3, "content_type": 2, "action_time": "2016-07-25T22:13:22.995Z"}}, {"pk": 33, "model": "admin.logentry", "fields": {"change_message": "", "user": 1, "object_id": "7", "object_repr": "7: Team007", "action_flag": 3, "content_type": 2, "action_time": "2016-07-25T22:13:23.073Z"}}, {"pk": 34, "model": "admin.logentry", "fields": {"change_message": "", "user": 1, "object_id": "8", "object_repr": "8: Team 8", "action_flag": 3, "content_type": 2, "action_time": "2016-07-25T22:13:23.150Z"}}, {"pk": 35, "model": "admin.logentry", "fields": {"change_message": "", "user": 1, "object_id": "9", "object_repr": "9: Roosevelt RoboRiders", "action_flag": 3, "content_type": 2, "action_time": "2016-07-25T22:13:23.239Z"}}, {"pk": 36, "model": "admin.logentry", "fields": {"change_message": "", "user": 1, "object_id": "10", "object_repr": "10: Red Knights", "action_flag": 3, "content_type": 2, "action_time": "2016-07-25T22:13:23.316Z"}}, {"pk": 37, "model": "admin.logentry", "fields": {"change_message": "", "user": 1, "object_id": "11", "object_repr": "11: MORT", "action_flag": 3, "content_type": 2, "action_time": "2016-07-25T22:13:23.394Z"}}, {"pk": 38, "model": "admin.logentry", "fields": {"change_message": "", "user": 1, "object_id": "16", "object_repr": "16: Bomb Squad", "action_flag": 3, "content_type": 2, "action_time": "2016-07-25T22:13:23.483Z"}}, {"pk": 39, "model": "admin.logentry", "fields": {"change_message": "", "user": 1, "object_id": "19", "object_repr": "19: Big Red", "action_flag": 3, "content_type": 2, "action_time": "2016-07-25T22:13:23.572Z"}}, {"pk": 40, "model": "admin.logentry", "fields": {"change_message": "", "user": 1, "object_id": "20", "object_repr": "20: The Rocketeers", "action_flag": 3, "content_type": 2, "action_time": "2016-07-25T22:13:23.662Z"}}, {"pk": 41, "model": "admin.logentry", "fields": {"change_message": "", "user": 1, "object_id": "21", "object_repr": "21: ComBBAT", "action_flag": 3, "content_type": 2, "action_time": "2016-07-25T22:13:23.728Z"}}, {"pk": 42, "model": "admin.logentry", "fields": {"change_message": "", "user": 1, "object_id": "22", "object_repr": "22: Double Deuce", "action_flag": 3, "content_type": 2, "action_time": "2016-07-25T22:13:23.816Z"}}, {"pk": 43, "model": "admin.logentry", "fields": {"change_message": "", "user": 1, "object_id": "23", "object_repr": "23: PNTA", "action_flag": 3, "content_type": 2, "action_time": "2016-07-25T22:13:23.916Z"}}, {"pk": 44, "model": "admin.logentry", "fields": {"change_message": "", "user": 1, "object_id": "25", "object_repr": "25: Raider Robotix", "action_flag": 3, "content_type": 2, "action_time": "2016-07-25T22:13:24.004Z"}}, {"pk": 45, "model": "admin.logentry", "fields": {"change_message": "", "user": 1, "object_id": "27", "object_repr": "27: Team RUSH", "action_flag": 3, "content_type": 2, "action_time": "2016-07-25T22:13:24.093Z"}}, {"pk": 46, "model": "admin.logentry", "fields": {"change_message": "", "user": 1, "object_id": "28", "object_repr": "28: Pierson Whalers", "action_flag": 3, "content_type": 2, "action_time": "2016-07-25T22:13:24.171Z"}}, {"pk": 47, "model": "admin.logentry", "fields": {"change_message": "", "user": 1, "object_id": "30", "object_repr": "30: FURY", "action_flag": 3, "content_type": 2, "action_time": "2016-07-25T22:13:24.248Z"}}, {"pk": 48, "model": "admin.logentry", "fields": {"change_message": "", "user": 1, "object_id": "31", "object_repr": "31: Prime Movers", "action_flag": 3, "content_type": 2, "action_time": "2016-07-25T22:13:24.371Z"}}, {"pk": 49, "model": "admin.logentry", "fields": {"change_message": "", "user": 1, "object_id": "33", "object_repr": "33: Killer Bees", "action_flag": 3, "content_type": 2, "action_time": "2016-07-25T22:13:24.438Z"}}, {"pk": 50, "model": "admin.logentry", "fields": {"change_message": "", "user": 1, "object_id": "34", "object_repr": "34: Rockets", "action_flag": 3, "content_type": 2, "action_time": "2016-07-25T22:13:24.515Z"}}, {"pk": 51, "model": "admin.logentry", "fields": {"change_message": "", "user": 1, "object_id": "35", "object_repr": "35: Sigma Squared", "action_flag": 3, "content_type": 2, "action_time": "2016-07-25T22:13:24.593Z"}}, {"pk": 52, "model": "admin.logentry", "fields": {"change_message": "", "user": 1, "object_id": "37", "object_repr": "37: ", "action_flag": 3, "content_type": 2, "action_time": "2016-07-25T22:13:24.659Z"}}, {"pk": 53, "model": "admin.logentry", "fields": {"change_message": "", "user": 1, "object_id": "38", "object_repr": "38: Nonnebots", "action_flag": 3, "content_type": 2, "action_time": "2016-07-25T22:13:24.714Z"}}, {"pk": 54, "model": "admin.logentry", "fields": {"change_message": "", "user": 1, "object_id": "39", "object_repr": "39: The 39th Aero Squadron", "action_flag": 3, "content_type": 2, "action_time": "2016-07-25T22:13:24.770Z"}}, {"pk": 55, "model": "admin.logentry", "fields": {"change_message": "", "user": 1, "object_id": "40", "object_repr": "40: Checkmate", "action_flag": 3, "content_type": 2, "action_time": "2016-07-25T22:13:24.826Z"}}, {"pk": 56, "model": "admin.logentry", "fields": {"change_message": "", "user": 1, "object_id": "41", "object_repr": "41: RoboWarriors", "action_flag": 3, "content_type": 2, "action_time": "2016-07-25T22:13:24.881Z"}}, {"pk": 57, "model": "admin.logentry", "fields": {"change_message": "", "user": 1, "object_id": "42", "object_repr": "42: P.A.R.T.S. (Precision Alvirne Robotics Team Systems)", "action_flag": 3, "content_type": 2, "action_time": "2016-07-25T22:13:24.936Z"}}, {"pk": 58, "model": "admin.logentry", "fields": {"change_message": "", "user": 1, "object_id": "45", "object_repr": "45: TechnoKats Robotics Team", "action_flag": 3, "content_type": 2, "action_time": "2016-07-25T22:13:25.014Z"}}, {"pk": 59, "model": "admin.logentry", "fields": {"change_message": "", "user": 1, "object_id": "47", "object_repr": "47: Chief Delphi", "action_flag": 3, "content_type": 2, "action_time": "2016-07-25T22:13:25.069Z"}}, {"pk": 60, "model": "admin.logentry", "fields": {"change_message": "", "user": 1, "object_id": "48", "object_repr": "48: Delphi E.L.I.T.E.", "action_flag": 3, "content_type": 2, "action_time": "2016-07-25T22:13:25.137Z"}}, {"pk": 61, "model": "admin.logentry", "fields": {"change_message": "", "user": 1, "object_id": "49", "object_repr": "49: Robotic Knights", "action_flag": 3, "content_type": 2, "action_time": "2016-07-25T22:13:25.225Z"}}, {"pk": 62, "model": "admin.logentry", "fields": {"change_message": "", "user": 1, "object_id": "51", "object_repr": "51: The Wings of Fire", "action_flag": 3, "content_type": 2, "action_time": "2016-07-25T22:13:25.303Z"}}, {"pk": 63, "model": "admin.logentry", "fields": {"change_message": "", "user": 1, "object_id": "53", "object_repr": "53: Area 53", "action_flag": 3, "content_type": 2, "action_time": "2016-07-25T22:13:25.392Z"}}, {"pk": 64, "model": "admin.logentry", "fields": {"change_message": "", "user": 1, "object_id": "56", "object_repr": "56: R.O.B.B.E.", "action_flag": 3, "content_type": 2, "action_time": "2016-07-25T22:13:25.480Z"}}, {"pk": 65, "model": "admin.logentry", "fields": {"change_message": "", "user": 1, "object_id": "57", "object_repr": "57: Leopards", "action_flag": 3, "content_type": 2, "action_time": "2016-07-25T22:13:25.568Z"}}, {"pk": 66, "model": "admin.logentry", "fields": {"change_message": "", "user": 1, "object_id": "58", "object_repr": "58: The Riot Crew", "action_flag": 3, "content_type": 2, "action_time": "2016-07-25T22:13:25.646Z"}}, {"pk": 67, "model": "admin.logentry", "fields": {"change_message": "", "user": 1, "object_id": "59", "object_repr": "59: RamTech", "action_flag": 3, "content_type": 2, "action_time": "2016-07-25T22:13:25.724Z"}}, {"pk": 68, "model": "admin.logentry", "fields": {"change_message": "", "user": 1, "object_id": "60", "object_repr": "60: Bionic Bulldogs", "action_flag": 3, "content_type": 2, "action_time": "2016-07-25T22:13:25.802Z"}}, {"pk": 69, "model": "admin.logentry", "fields": {"change_message": "", "user": 1, "object_id": "61", "object_repr": "61: The Intimidators", "action_flag": 3, "content_type": 2, "action_time": "2016-07-25T22:13:25.935Z"}}, {"pk": 70, "model": "admin.logentry", "fields": {"change_message": "", "user": 1, "object_id": "63", "object_repr": "63: McDowell Robotics Team 63", "action_flag": 3, "content_type": 2, "action_time": "2016-07-25T22:13:26.012Z"}}, {"pk": 71, "model": "admin.logentry", "fields": {"change_message": "", "user": 1, "object_id": "64", "object_repr": "64: Gila Monsters", "action_flag": 3, "content_type": 2, "action_time": "2016-07-25T22:13:26.090Z"}}, {"pk": 72, "model": "admin.logentry", "fields": {"change_message": "", "user": 1, "object_id": "65", "object_repr": "65: The Huskie Brigade", "action_flag": 3, "content_type": 2, "action_time": "2016-07-25T22:13:26.168Z"}}, {"pk": 73, "model": "admin.logentry", "fields": {"change_message": "", "user": 1, "object_id": "66", "object_repr": "66: Grizzly Robotics", "action_flag": 3, "content_type": 2, "action_time": "2016-07-25T22:13:26.227Z"}}, {"pk": 74, "model": "admin.logentry", "fields": {"change_message": "", "user": 1, "object_id": "67", "object_repr": "67: The HOT Team", "action_flag": 3, "content_type": 2, "action_time": "2016-07-25T22:13:26.312Z"}}, {"pk": 75, "model": "admin.logentry", "fields": {"change_message": "", "user": 1, "object_id": "68", "object_repr": "68: Truck Town Thunder", "action_flag": 3, "content_type": 2, "action_time": "2016-07-25T22:13:26.390Z"}}, {"pk": 76, "model": "admin.logentry", "fields": {"change_message": "", "user": 1, "object_id": "69", "object_repr": "69: HYPER", "action_flag": 3, "content_type": 2, "action_time": "2016-07-25T22:13:26.479Z"}}, {"pk": 77, "model": "admin.logentry", "fields": {"change_message": "", "user": 1, "object_id": "70", "object_repr": "70: More Martians", "action_flag": 3, "content_type": 2, "action_time": "2016-07-25T22:13:26.568Z"}}, {"pk": 78, "model": "admin.logentry", "fields": {"change_message": "", "user": 1, "object_id": "71", "object_repr": "71: Team Hammond", "action_flag": 3, "content_type": 2, "action_time": "2016-07-25T22:13:26.656Z"}}, {"pk": 79, "model": "admin.logentry", "fields": {"change_message": "", "user": 1, "object_id": "73", "object_repr": "73: The Illumination", "action_flag": 3, "content_type": 2, "action_time": "2016-07-25T22:13:26.715Z"}}, {"pk": 80, "model": "admin.logentry", "fields": {"change_message": "", "user": 1, "object_id": "74", "object_repr": "74: Team C.H.A.O.S.", "action_flag": 3, "content_type": 2, "action_time": "2016-07-25T22:13:26.781Z"}}, {"pk": 81, "model": "admin.logentry", "fields": {"change_message": "", "user": 1, "object_id": "75", "object_repr": "75: RoboRaiders", "action_flag": 3, "content_type": 2, "action_time": "2016-07-25T22:13:26.859Z"}}, {"pk": 82, "model": "admin.logentry", "fields": {"change_message": "", "user": 1, "object_id": "78", "object_repr": "78: AIR STRIKE", "action_flag": 3, "content_type": 2, "action_time": "2016-07-25T22:13:26.936Z"}}, {"pk": 83, "model": "admin.logentry", "fields": {"change_message": "", "user": 1, "object_id": "79", "object_repr": "79: Team Krunch", "action_flag": 3, "content_type": 2, "action_time": "2016-07-25T22:13:27.025Z"}}, {"pk": 84, "model": "admin.logentry", "fields": {"change_message": "", "user": 1, "object_id": "80", "object_repr": "80: Robocolt", "action_flag": 3, "content_type": 2, "action_time": "2016-07-25T22:13:27.111Z"}}, {"pk": 85, "model": "admin.logentry", "fields": {"change_message": "", "user": 1, "object_id": "81", "object_repr": "81: MetalHeads", "action_flag": 3, "content_type": 2, "action_time": "2016-07-25T22:13:27.199Z"}}, {"pk": 86, "model": "admin.logentry", "fields": {"change_message": "", "user": 1, "object_id": "84", "object_repr": "84: Chuck 84", "action_flag": 3, "content_type": 2, "action_time": "2016-07-25T22:13:27.288Z"}}, {"pk": 87, "model": "admin.logentry", "fields": {"change_message": "", "user": 1, "object_id": "85", "object_repr": "85: B.O.B. (Built on Brains)", "action_flag": 3, "content_type": 2, "action_time": "2016-07-25T22:13:27.377Z"}}, {"pk": 88, "model": "admin.logentry", "fields": {"change_message": "", "user": 1, "object_id": "86", "object_repr": "86: Team Resistance", "action_flag": 3, "content_type": 2, "action_time": "2016-07-25T22:13:27.466Z"}}, {"pk": 89, "model": "admin.logentry", "fields": {"change_message": "", "user": 1, "object_id": "87", "object_repr": "87: Red Devils", "action_flag": 3, "content_type": 2, "action_time": "2016-07-25T22:13:27.554Z"}}, {"pk": 90, "model": "admin.logentry", "fields": {"change_message": "", "user": 1, "object_id": "88", "object_repr": "88: TJ(Squared)", "action_flag": 3, "content_type": 2, "action_time": "2016-07-25T22:13:27.635Z"}}, {"pk": 91, "model": "admin.logentry", "fields": {"change_message": "", "user": 1, "object_id": "89", "object_repr": "89: ", "action_flag": 3, "content_type": 2, "action_time": "2016-07-25T22:13:27.732Z"}}, {"pk": 92, "model": "admin.logentry", "fields": {"change_message": "", "user": 1, "object_id": "92", "object_repr": "92: RoboPats", "action_flag": 3, "content_type": 2, "action_time": "2016-07-25T22:13:27.836Z"}}, {"pk": 93, "model": "admin.logentry", "fields": {"change_message": "", "user": 1, "object_id": "93", "object_repr": "93: NEW Apple Corps", "action_flag": 3, "content_type": 2, "action_time": "2016-07-25T22:13:27.920Z"}}, {"pk": 94, "model": "admin.logentry", "fields": {"change_message": "", "user": 1, "object_id": "94", "object_repr": "94: The  Technojays", "action_flag": 3, "content_type": 2, "action_time": "2016-07-25T22:13:28.020Z"}}, {"pk": 95, "model": "admin.logentry", "fields": {"change_message": "", "user": 1, "object_id": "95", "object_repr": "95: Grasshoppers", "action_flag": 3, "content_type": 2, "action_time": "2016-07-25T22:13:28.110Z"}}, {"pk": 96, "model": "admin.logentry", "fields": {"change_message": "", "user": 1, "object_id": "96", "object_repr": "96: JESTER", "action_flag": 3, "content_type": 2, "action_time": "2016-07-25T22:13:28.234Z"}}, {"pk": 97, "model": "admin.logentry", "fields": {"change_message": "", "user": 1, "object_id": "97", "object_repr": "97: Bionic Beef", "action_flag": 3, "content_type": 2, "action_time": "2016-07-25T22:13:28.353Z"}}, {"pk": 98, "model": "admin.logentry", "fields": {"change_message": "", "user": 1, "object_id": "103", "object_repr": "103: Cybersonics", "action_flag": 3, "content_type": 2, "action_time": "2016-07-25T22:13:28.434Z"}}, {"pk": 99, "model": "admin.logentry", "fields": {"change_message": "", "user": 1, "object_id": "118", "object_repr": "118: Robonauts", "action_flag": 3, "content_type": 2, "action_time": "2016-07-25T22:13:28.520Z"}}, {"pk": 100, "model": "admin.logentry", "fields": {"change_message": "", "user": 1, "object_id": "122", "object_repr": "122: NASA Knights", "action_flag": 3, "content_type": 2, "action_time": "2016-07-25T22:13:28.610Z"}}, {"pk": 101, "model": "admin.logentry", "fields": {"change_message": "", "user": 1, "object_id": "125", "object_repr": "125: NUTRONs", "action_flag": 3, "content_type": 2, "action_time": "2016-07-25T22:13:28.679Z"}}, {"pk": 102, "model": "admin.logentry", "fields": {"change_message": "", "user": 1, "object_id": "126", "object_repr": "126: Gael Force", "action_flag": 3, "content_type": 2, "action_time": "2016-07-25T22:13:28.756Z"}}, {"pk": 103, "model": "admin.logentry", "fields": {"change_message": "", "user": 1, "object_id": "175", "object_repr": "175: Buzz Robotics", "action_flag": 3, "content_type": 2, "action_time": "2016-07-25T22:13:28.841Z"}}, {"pk": 104, "model": "admin.logentry", "fields": {"change_message": "", "user": 1, "object_id": "176", "object_repr": "176: Aces High", "action_flag": 3, "content_type": 2, "action_time": "2016-07-25T22:13:28.941Z"}}, {"pk": 105, "model": "admin.logentry", "fields": {"change_message": "", "user": 1, "object_id": "177", "object_repr": "177: Bobcat Robotics", "action_flag": 3, "content_type": 2, "action_time": "2016-07-25T22:13:29.030Z"}}, {"pk": 106, "model": "admin.logentry", "fields": {"change_message": "", "user": 1, "object_id": "178", "object_repr": "178: The 2nd Law Enforcers", "action_flag": 3, "content_type": 2, "action_time": "2016-07-25T22:13:29.166Z"}}, {"pk": 107, "model": "admin.logentry", "fields": {"change_message": "", "user": 1, "object_id": "180", "object_repr": "180: SPAM", "action_flag": 3, "content_type": 2, "action_time": "2016-07-25T22:13:29.266Z"}}, {"pk": 108, "model": "admin.logentry", "fields": {"change_message": "", "user": 1, "object_id": "188", "object_repr": "188: Blizzard", "action_flag": 3, "content_type": 2, "action_time": "2016-07-25T22:13:29.363Z"}}, {"pk": 109, "model": "admin.logentry", "fields": {"change_message": "", "user": 1, "object_id": "217", "object_repr": "217: ThunderChickens", "action_flag": 3, "content_type": 2, "action_time": "2016-07-25T22:13:29.455Z"}}, {"pk": 110, "model": "admin.logentry", "fields": {"change_message": "", "user": 1, "object_id": "229", "object_repr": "229: Division By Zero", "action_flag": 3, "content_type": 2, "action_time": "2016-07-25T22:13:29.532Z"}}, {"pk": 111, "model": "admin.logentry", "fields": {"change_message": "", "user": 1, "object_id": "254", "object_repr": "254: The Cheesy Poofs", "action_flag": 3, "content_type": 2, "action_time": "2016-07-25T22:13:29.621Z"}}, {"pk": 112, "model": "admin.logentry", "fields": {"change_message": "", "user": 1, "object_id": "281", "object_repr": "281: The GreenVillains", "action_flag": 3, "content_type": 2, "action_time": "2016-07-25T22:13:29.711Z"}}, {"pk": 113, "model": "admin.logentry", "fields": {"change_message": "", "user": 1, "object_id": "337", "object_repr": "337: Hard Working Hard Hats", "action_flag": 3, "content_type": 2, "action_time": "2016-07-25T22:13:29.806Z"}}, {"pk": 114, "model": "admin.logentry", "fields": {"change_message": "", "user": 1, "object_id": "342", "object_repr": "342: Burning Magnetos", "action_flag": 3, "content_type": 2, "action_time": "2016-07-25T22:13:29.921Z"}}, {"pk": 115, "model": "admin.logentry", "fields": {"change_message": "", "user": 1, "object_id": "343", "object_repr": "343: Metal-In-Motion", "action_flag": 3, "content_type": 2, "action_time": "2016-07-25T22:13:30.018Z"}}, {"pk": 116, "model": "admin.logentry", "fields": {"change_message": "", "user": 1, "object_id": "538", "object_repr": "538: Dragon Slayers", "action_flag": 3, "content_type": 2, "action_time": "2016-07-25T22:13:30.109Z"}}, {"pk": 117, "model": "admin.logentry", "fields": {"change_message": "", "user": 1, "object_id": "708", "object_repr": "708: Hatters Robotics", "action_flag": 3, "content_type": 2, "action_time": "2016-07-25T22:13:30.198Z"}}, {"pk": 118, "model": "admin.logentry", "fields": {"change_message": "", "user": 1, "object_id": "804", "object_repr": "804: MetalMorphosis/Mad Scientists", "action_flag": 3, "content_type": 2, "action_time": "2016-07-25T22:13:30.284Z"}}, {"pk": 119, "model": "admin.logentry", "fields": {"change_message": "", "user": 1, "object_id": "945", "object_repr": "945: Team Banana", "action_flag": 3, "content_type": 2, "action_time": "2016-07-25T22:13:30.372Z"}}, {"pk": 120, "model": "admin.logentry", "fields": {"change_message": "", "user": 1, "object_id": "1026", "object_repr": "1026: Cougars", "action_flag": 3, "content_type": 2, "action_time": "2016-07-25T22:13:30.462Z"}}, {"pk": 121, "model": "admin.logentry", "fields": {"change_message": "", "user": 1, "object_id": "1051", "object_repr": "1051: Technical Terminators", "action_flag": 3, "content_type": 2, "action_time": "2016-07-25T22:13:30.553Z"}}, {"pk": 122, "model": "admin.logentry", "fields": {"change_message": "", "user": 1, "object_id": "1102", "object_repr": "1102: Aiken County Robotics", "action_flag": 3, "content_type": 2, "action_time": "2016-07-25T22:13:30.631Z"}}, {"pk": 123, "model": "admin.logentry", "fields": {"change_message": "", "user": 1, "object_id": "1143", "object_repr": "1143: Cruzin' Comets", "action_flag": 3, "content_type": 2, "action_time": "2016-07-25T22:13:30.709Z"}}, {"pk": 124, "model": "admin.logentry", "fields": {"change_message": "", "user": 1, "object_id": "1225", "object_repr": "1225: Gorillas", "action_flag": 3, "content_type": 2, "action_time": "2016-07-25T22:13:30.797Z"}}, {"pk": 125, "model": "admin.logentry", "fields": {"change_message": "", "user": 1, "object_id": "1241", "object_repr": "1241: THEORY6", "action_flag": 3, "content_type": 2, "action_time": "2016-07-25T22:13:30.938Z"}}, {"pk": 126, "model": "admin.logentry", "fields": {"change_message": "", "user": 1, "object_id": "1261", "object_repr": "1261: Robo  Lions", "action_flag": 3, "content_type": 2, "action_time": "2016-07-25T22:13:31.041Z"}}, {"pk": 127, "model": "admin.logentry", "fields": {"change_message": "", "user": 1, "object_id": "1287", "object_repr": "1287: Aluminum Assault", "action_flag": 3, "content_type": 2, "action_time": "2016-07-25T22:13:31.149Z"}}, {"pk": 128, "model": "admin.logentry", "fields": {"change_message": "", "user": 1, "object_id": "1293", "object_repr": "1293: Pandamaniacs", "action_flag": 3, "content_type": 2, "action_time": "2016-07-25T22:13:41.191Z"}}, {"pk": 129, "model": "admin.logentry", "fields": {"change_message": "", "user": 1, "object_id": "1296", "object_repr": "1296: Full Metal Jackets", "action_flag": 3, "content_type": 2, "action_time": "2016-07-25T22:13:41.314Z"}}, {"pk": 130, "model": "admin.logentry", "fields": {"change_message": "", "user": 1, "object_id": "1311", "object_repr": "1311: Kell Robotics", "action_flag": 3, "content_type": 2, "action_time": "2016-07-25T22:13:41.414Z"}}, {"pk": 131, "model": "admin.logentry", "fields": {"change_message": "", "user": 1, "object_id": "1319", "object_repr": "1319: Flash", "action_flag": 3, "content_type": 2, "action_time": "2016-07-25T22:13:41.504Z"}}, {"pk": 132, "model": "admin.logentry", "fields": {"change_message": "", "user": 1, "object_id": "1379", "object_repr": "1379: Gear Devils", "action_flag": 3, "content_type": 2, "action_time": "2016-07-25T22:13:41.592Z"}}, {"pk": 133, "model": "admin.logentry", "fields": {"change_message": "", "user": 1, "object_id": "1398", "object_repr": "1398: Robo-Raiders", "action_flag": 3, "content_type": 2, "action_time": "2016-07-25T22:13:41.677Z"}}, {"pk": 134, "model": "admin.logentry", "fields": {"change_message": "", "user": 1, "object_id": "1418", "object_repr": "1418: Vae Victis", "action_flag": 3, "content_type": 2, "action_time": "2016-07-25T22:13:41.767Z"}}, {"pk": 135, "model": "admin.logentry", "fields": {"change_message": "", "user": 1, "object_id": "1436", "object_repr": "1436: Jackets", "action_flag": 3, "content_type": 2, "action_time": "2016-07-25T22:13:41.833Z"}}, {"pk": 136, "model": "admin.logentry", "fields": {"change_message": "", "user": 1, "object_id": "1477", "object_repr": "1477: Texas Torque", "action_flag": 3, "content_type": 2, "action_time": "2016-07-25T22:13:41.888Z"}}, {"pk": 137, "model": "admin.logentry", "fields": {"change_message": "", "user": 1, "object_id": "1519", "object_repr": "1519: Mechanical Mayhem", "action_flag": 3, "content_type": 2, "action_time": "2016-07-25T22:13:41.966Z"}}, {"pk": 138, "model": "admin.logentry", "fields": {"change_message": "", "user": 1, "object_id": "1539", "object_repr": "1539: Clover Robotics", "action_flag": 3, "content_type": 2, "action_time": "2016-07-25T22:13:42.022Z"}}, {"pk": 139, "model": "admin.logentry", "fields": {"change_message": "", "user": 1, "object_id": "1553", "object_repr": "1553: KC Robotics Team", "action_flag": 3, "content_type": 2, "action_time": "2016-07-25T22:13:42.077Z"}}, {"pk": 140, "model": "admin.logentry", "fields": {"change_message": "", "user": 1, "object_id": "1640", "object_repr": "1640: Sab-BOT-age", "action_flag": 3, "content_type": 2, "action_time": "2016-07-25T22:13:42.133Z"}}, {"pk": 141, "model": "admin.logentry", "fields": {"change_message": "", "user": 1, "object_id": "1676", "object_repr": "1676: The Pascack PI-oneers", "action_flag": 3, "content_type": 2, "action_time": "2016-07-25T22:13:42.188Z"}}, {"pk": 142, "model": "admin.logentry", "fields": {"change_message": "", "user": 1, "object_id": "1700", "object_repr": "1700: Gatorbotics", "action_flag": 3, "content_type": 2, "action_time": "2016-07-25T22:13:42.244Z"}}, {"pk": 143, "model": "admin.logentry", "fields": {"change_message": "", "user": 1, "object_id": "1710", "object_repr": "1710: The Ravonics Revolution", "action_flag": 3, "content_type": 2, "action_time": "2016-07-25T22:13:42.299Z"}}, {"pk": 144, "model": "admin.logentry", "fields": {"change_message": "", "user": 1, "object_id": "1731", "object_repr": "1731: Fresta Valley Robotics Club", "action_flag": 3, "content_type": 2, "action_time": "2016-07-25T22:13:42.354Z"}}, {"pk": 145, "model": "admin.logentry", "fields": {"change_message": "", "user": 1, "object_id": "1758", "object_repr": "1758: Technomancers", "action_flag": 3, "content_type": 2, "action_time": "2016-07-25T22:13:42.410Z"}}, {"pk": 146, "model": "admin.logentry", "fields": {"change_message": "", "user": 1, "object_id": "1764", "object_repr": "1764: Liberty Robotics", "action_flag": 3, "content_type": 2, "action_time": "2016-07-25T22:13:42.466Z"}}, {"pk": 147, "model": "admin.logentry", "fields": {"change_message": "", "user": 1, "object_id": "1772", "object_repr": "1772: The Brazilian Trail Blazers", "action_flag": 3, "content_type": 2, "action_time": "2016-07-25T22:13:42.554Z"}}, {"pk": 148, "model": "admin.logentry", "fields": {"change_message": "", "user": 1, "object_id": "1915", "object_repr": "1915: MTHS Firebird Robotics", "action_flag": 3, "content_type": 2, "action_time": "2016-07-25T22:13:42.642Z"}}, {"pk": 149, "model": "admin.logentry", "fields": {"change_message": "", "user": 1, "object_id": "1959", "object_repr": "1959: Bengal Bots", "action_flag": 3, "content_type": 2, "action_time": "2016-07-25T22:13:42.720Z"}}, {"pk": 150, "model": "admin.logentry", "fields": {"change_message": "", "user": 1, "object_id": "2035", "object_repr": "2035: Robo Rockin' Bots", "action_flag": 3, "content_type": 2, "action_time": "2016-07-25T22:13:42.787Z"}}, {"pk": 151, "model": "admin.logentry", "fields": {"change_message": "", "user": 1, "object_id": "2081", "object_repr": "2081: Icarus", "action_flag": 3, "content_type": 2, "action_time": "2016-07-25T22:13:42.853Z"}}, {"pk": 152, "model": "admin.logentry", "fields": {"change_message": "", "user": 1, "object_id": "2102", "object_repr": "2102: Team Paradox", "action_flag": 3, "content_type": 2, "action_time": "2016-07-25T22:13:42.920Z"}}, {"pk": 153, "model": "admin.logentry", "fields": {"change_message": "", "user": 1, "object_id": "2121", "object_repr": "2121: Mecha Clerks", "action_flag": 3, "content_type": 2, "action_time": "2016-07-25T22:13:42.975Z"}}, {"pk": 154, "model": "admin.logentry", "fields": {"change_message": "", "user": 1, "object_id": "2147", "object_repr": "2147: CHUCK", "action_flag": 3, "content_type": 2, "action_time": "2016-07-25T22:13:43.042Z"}}, {"pk": 155, "model": "admin.logentry", "fields": {"change_message": "", "user": 1, "object_id": "2187", "object_repr": "2187: Team Volt", "action_flag": 3, "content_type": 2, "action_time": "2016-07-25T22:13:43.108Z"}}, {"pk": 156, "model": "admin.logentry", "fields": {"change_message": "", "user": 1, "object_id": "2393", "object_repr": "2393: Robotichauns", "action_flag": 3, "content_type": 2, "action_time": "2016-07-25T22:13:43.175Z"}}, {"pk": 157, "model": "admin.logentry", "fields": {"change_message": "", "user": 1, "object_id": "2430", "object_repr": "2430: CyberStorm", "action_flag": 3, "content_type": 2, "action_time": "2016-07-25T22:13:43.264Z"}}, {"pk": 158, "model": "admin.logentry", "fields": {"change_message": "", "user": 1, "object_id": "2614", "object_repr": "2614: MARS", "action_flag": 3, "content_type": 2, "action_time": "2016-07-25T22:13:43.320Z"}}, {"pk": 159, "model": "admin.logentry", "fields": {"change_message": "", "user": 1, "object_id": "2751", "object_repr": "2751: SPARK Robotics", "action_flag": 3, "content_type": 2, "action_time": "2016-07-25T22:13:43.386Z"}}, {"pk": 160, "model": "admin.logentry", "fields": {"change_message": "", "user": 1, "object_id": "2815", "object_repr": "2815: Blue Devil Mechanics", "action_flag": 3, "content_type": 2, "action_time": "2016-07-25T22:13:43.441Z"}}, {"pk": 161, "model": "admin.logentry", "fields": {"change_message": "", "user": 1, "object_id": "2974", "object_repr": "2974: Walton Robotics", "action_flag": 3, "content_type": 2, "action_time": "2016-07-25T22:13:43.497Z"}}, {"pk": 162, "model": "admin.logentry", "fields": {"change_message": "", "user": 1, "object_id": "3025", "object_repr": "3025: DARC", "action_flag": 3, "content_type": 2, "action_time": "2016-07-25T22:13:43.553Z"}}, {"pk": 163, "model": "admin.logentry", "fields": {"change_message": "", "user": 1, "object_id": "3270", "object_repr": "3270: CATA-BOTS", "action_flag": 3, "content_type": 2, "action_time": "2016-07-25T22:13:43.608Z"}}, {"pk": 164, "model": "admin.logentry", "fields": {"change_message": "", "user": 1, "object_id": "3284", "object_repr": "3284: Camdenton 4H LASER", "action_flag": 3, "content_type": 2, "action_time": "2016-07-25T22:13:43.674Z"}}, {"pk": 165, "model": "admin.logentry", "fields": {"change_message": "", "user": 1, "object_id": "3288", "object_repr": "3288: Punchers", "action_flag": 3, "content_type": 2, "action_time": "2016-07-25T22:13:43.719Z"}}, {"pk": 166, "model": "admin.logentry", "fields": {"change_message": "", "user": 1, "object_id": "3309", "object_repr": "3309: Friarbots", "action_flag": 3, "content_type": 2, "action_time": "2016-07-25T22:13:43.764Z"}}, {"pk": 167, "model": "admin.logentry", "fields": {"change_message": "", "user": 1, "object_id": "3314", "object_repr": "3314: Mechanical Mustangs", "action_flag": 3, "content_type": 2, "action_time": "2016-07-25T22:13:43.807Z"}}, {"pk": 168, "model": "admin.logentry", "fields": {"change_message": "", "user": 1, "object_id": "3360", "object_repr": "3360: Hyperion", "action_flag": 3, "content_type": 2, "action_time": "2016-07-25T22:13:43.863Z"}}, {"pk": 169, "model": "admin.logentry", "fields": {"change_message": "", "user": 1, "object_id": "3371", "object_repr": "3371: The Bonds ThunderBolts", "action_flag": 3, "content_type": 2, "action_time": "2016-07-25T22:13:43.918Z"}}, {"pk": 170, "model": "admin.logentry", "fields": {"change_message": "", "user": 1, "object_id": "3476", "object_repr": "3476: Code Orange", "action_flag": 3, "content_type": 2, "action_time": "2016-07-25T22:13:43.974Z"}}, {"pk": 171, "model": "admin.logentry", "fields": {"change_message": "", "user": 1, "object_id": "3481", "object_repr": "3481: Bronc Botz", "action_flag": 3, "content_type": 2, "action_time": "2016-07-25T22:13:44.051Z"}}, {"pk": 172, "model": "admin.logentry", "fields": {"change_message": "", "user": 1, "object_id": "3504", "object_repr": "3504: Girls of Steel", "action_flag": 3, "content_type": 2, "action_time": "2016-07-25T22:13:44.107Z"}}, {"pk": 173, "model": "admin.logentry", "fields": {"change_message": "", "user": 1, "object_id": "3574", "object_repr": "3574: HIGH TEKERZ", "action_flag": 3, "content_type": 2, "action_time": "2016-07-25T22:13:44.173Z"}}, {"pk": 174, "model": "admin.logentry", "fields": {"change_message": "", "user": 1, "object_id": "3620", "object_repr": "3620: Average Joes", "action_flag": 3, "content_type": 2, "action_time": "2016-07-25T22:13:44.240Z"}}, {"pk": 175, "model": "admin.logentry", "fields": {"change_message": "", "user": 1, "object_id": "3663", "object_repr": "3663: CPR - Cedar Park Robotics", "action_flag": 3, "content_type": 2, "action_time": "2016-07-25T22:13:44.307Z"}}, {"pk": 176, "model": "admin.logentry", "fields": {"change_message": "", "user": 1, "object_id": "3937", "object_repr": "3937: Breakaway", "action_flag": 3, "content_type": 2, "action_time": "2016-07-25T22:13:44.384Z"}}, {"pk": 177, "model": "admin.logentry", "fields": {"change_message": "", "user": 1, "object_id": "3961", "object_repr": "3961: MBA Execs", "action_flag": 3, "content_type": 2, "action_time": "2016-07-25T22:13:44.451Z"}}, {"pk": 178, "model": "admin.logentry", "fields": {"change_message": "", "user": 1, "object_id": "4001", "object_repr": "4001: RAMS ROBOTICS", "action_flag": 3, "content_type": 2, "action_time": "2016-07-25T22:13:44.517Z"}}, {"pk": 179, "model": "admin.logentry", "fields": {"change_message": "", "user": 1, "object_id": "4122", "object_repr": "4122: Ossining O-Bots", "action_flag": 3, "content_type": 2, "action_time": "2016-07-25T22:13:44.584Z"}}, {"pk": 180, "model": "admin.logentry", "fields": {"change_message": "", "user": 1, "object_id": "4146", "object_repr": "4146: Sabercats", "action_flag": 3, "content_type": 2, "action_time": "2016-07-25T22:13:44.651Z"}}, {"pk": 181, "model": "admin.logentry", "fields": {"change_message": "", "user": 1, "object_id": "4242", "object_repr": "4242: Fresh T.E.C.H.", "action_flag": 3, "content_type": 2, "action_time": "2016-07-25T22:13:44.717Z"}}, {"pk": 182, "model": "admin.logentry", "fields": {"change_message": "", "user": 1, "object_id": "4276", "object_repr": "4276: Surf City Vikings", "action_flag": 3, "content_type": 2, "action_time": "2016-07-25T22:13:44.784Z"}}, {"pk": 183, "model": "admin.logentry", "fields": {"change_message": "", "user": 1, "object_id": "4550", "object_repr": "4550: Something's Bruin", "action_flag": 3, "content_type": 2, "action_time": "2016-07-25T22:13:44.851Z"}}, {"pk": 184, "model": "admin.logentry", "fields": {"change_message": "", "user": 1, "object_id": "4561", "object_repr": "4561: TerrorBytes", "action_flag": 3, "content_type": 2, "action_time": "2016-07-25T22:13:44.917Z"}}, {"pk": 185, "model": "admin.logentry", "fields": {"change_message": "", "user": 1, "object_id": "4613", "object_repr": "4613: Barker Redbacks", "action_flag": 3, "content_type": 2, "action_time": "2016-07-25T22:13:44.983Z"}}, {"pk": 186, "model": "admin.logentry", "fields": {"change_message": "", "user": 1, "object_id": "4678", "object_repr": "4678: CyberCavs", "action_flag": 3, "content_type": 2, "action_time": "2016-07-25T22:13:45.050Z"}}, {"pk": 187, "model": "admin.logentry", "fields": {"change_message": "", "user": 1, "object_id": "4744", "object_repr": "4744: Ninjas", "action_flag": 3, "content_type": 2, "action_time": "2016-07-25T22:13:45.105Z"}}, {"pk": 188, "model": "admin.logentry", "fields": {"change_message": "", "user": 1, "object_id": "5039", "object_repr": "5039: Irish Iron", "action_flag": 3, "content_type": 2, "action_time": "2016-07-25T22:13:45.161Z"}}, {"pk": 189, "model": "admin.logentry", "fields": {"change_message": "", "user": 1, "object_id": "5124", "object_repr": "5124: West Torrance Robotics", "action_flag": 3, "content_type": 2, "action_time": "2016-07-25T22:13:45.216Z"}}, {"pk": 190, "model": "admin.logentry", "fields": {"change_message": "", "user": 1, "object_id": "5150", "object_repr": "5150: Hybrid Hornets", "action_flag": 3, "content_type": 2, "action_time": "2016-07-25T22:13:45.272Z"}}, {"pk": 191, "model": "admin.logentry", "fields": {"change_message": "", "user": 1, "object_id": "5172", "object_repr": "5172: Gators", "action_flag": 3, "content_type": 2, "action_time": "2016-07-25T22:13:45.316Z"}}, {"pk": 192, "model": "admin.logentry", "fields": {"change_message": "", "user": 1, "object_id": "5274", "object_repr": "5274: Wolverines", "action_flag": 3, "content_type": 2, "action_time": "2016-07-25T22:13:45.372Z"}}, {"pk": 193, "model": "admin.logentry", "fields": {"change_message": "", "user": 1, "object_id": "5450", "object_repr": "5450: St. Helens Robotics and Engineering Club (SHREC)", "action_flag": 3, "content_type": 2, "action_time": "2016-07-25T22:13:45.450Z"}}, {"pk": 194, "model": "admin.logentry", "fields": {"change_message": "", "user": 1, "object_id": "5499", "object_repr": "5499: Berkeley High Robotics", "action_flag": 3, "content_type": 2, "action_time": "2016-07-25T22:13:45.527Z"}}, {"pk": 195, "model": "admin.logentry", "fields": {"change_message": "", "user": 1, "object_id": "5505", "object_repr": "5505: V2 Robotics", "action_flag": 3, "content_type": 2, "action_time": "2016-07-25T22:13:45.582Z"}}, {"pk": 196, "model": "admin.logentry", "fields": {"change_message": "", "user": 1, "object_id": "5686", "object_repr": "5686: Wirecats", "action_flag": 3, "content_type": 2, "action_time": "2016-07-25T22:13:45.638Z"}}, {"pk": 197, "model": "admin.logentry", "fields": {"change_message": "", "user": 1, "object_id": "5817", "object_repr": "5817: Uni-Rex", "action_flag": 3, "content_type": 2, "action_time": "2016-07-25T22:13:45.704Z"}}, {"pk": 198, "model": "admin.logentry", "fields": {"change_message": "", "user": 1, "object_id": "5818", "object_repr": "5818: Riviera Robotics", "action_flag": 3, "content_type": 2, "action_time": "2016-07-25T22:13:45.761Z"}}, {"pk": 199, "model": "admin.logentry", "fields": {"change_message": "", "user": 1, "object_id": "5832", "object_repr": "5832: FULL OF AMBITION", "action_flag": 3, "content_type": 2, "action_time": "2016-07-25T22:13:45.826Z"}}, {"pk": 200, "model": "admin.logentry", "fields": {"change_message": "", "user": 1, "object_id": "5851", "object_repr": "5851: Striking Vikings", "action_flag": 3, "content_type": 2, "action_time": "2016-07-25T22:13:45.894Z"}}, {"pk": 201, "model": "admin.logentry", "fields": {"change_message": "", "user": 1, "object_id": "5885", "object_repr": "5885: Villanova WiredCats", "action_flag": 3, "content_type": 2, "action_time": "2016-07-25T22:13:45.960Z"}}, {"pk": 202, "model": "admin.logentry", "fields": {"change_message": "", "user": 1, "object_id": "5900", "object_repr": "5900: Career Blazer Robotics Team - The Fighting Mongooses", "action_flag": 3, "content_type": 2, "action_time": "2016-07-25T22:13:46.015Z"}}, {"pk": 203, "model": "admin.logentry", "fields": {"change_message": "", "user": 1, "object_id": "5914", "object_repr": "5914: Caledonia Robotic Warriors", "action_flag": 3, "content_type": 2, "action_time": "2016-07-25T22:13:46.082Z"}}, {"pk": 204, "model": "admin.logentry", "fields": {"change_message": "", "user": 1, "object_id": "6072", "object_repr": "6072: CdM Robotics Club", "action_flag": 3, "content_type": 2, "action_time": "2016-07-25T22:13:46.137Z"}}, {"pk": 205, "model": "admin.logentry", "fields": {"change_message": "", "user": 1, "object_id": "6167", "object_repr": "6167: CB Bearbots", "action_flag": 3, "content_type": 2, "action_time": "2016-07-25T22:13:46.192Z"}}, {"pk": 206, "model": "admin.logentry", "fields": {"change_message": "", "user": 1, "object_id": "6220", "object_repr": "6220: BUILD IT GRIFFINS BOEING", "action_flag": 3, "content_type": 2, "action_time": "2016-07-25T22:13:46.259Z"}}, {"pk": 207, "model": "admin.logentry", "fields": {"change_message": "", "user": 1, "object_id": "1", "object_repr": "CredentialsModel object", "action_flag": 3, "content_type": 12, "action_time": "2016-08-10T17:46:26.356Z"}}, {"pk": 208, "model": "admin.logentry", "fields": {"change_message": "", "user": 1, "object_id": "1", "object_repr": "CredentialsModel object", "action_flag": 3, "content_type": 12, "action_time": "2016-08-10T22:50:54.118Z"}}, {"pk": 209, "model": "admin.logentry", "fields": {"change_message": "", "user": 1, "object_id": "1", "object_repr": "Alliance object", "action_flag": 1, "content_type": 13, "action_time": "2016-09-17T17:48:35.014Z"}}, {"pk": 210, "model": "admin.logentry", "fields": {"change_message": "", "user": 1, "object_id": "2", "object_repr": "Alliance object", "action_flag": 1, "content_type": 13, "action_time": "2016-09-17T17:48:38.402Z"}}, {"pk": 211, "model": "admin.logentry", "fields": {"change_message": "", "user": 1, "object_id": "1", "object_repr": "Challenged", "action_flag": 1, "content_type": 15, "action_time": "2016-09-17T18:07:09.670Z"}}, {"pk": 212, "model": "admin.logentry", "fields": {"change_message": "", "user": 1, "object_id": "2", "object_repr": "Scaled", "action_flag": 1, "content_type": 15, "action_time": "2016-09-17T18:07:14.055Z"}}, {"pk": 213, "model": "admin.logentry", "fields": {"change_message": "", "user": 1, "object_id": "3", "object_repr": "Missed End", "action_flag": 1, "content_type": 15, "action_time": "2016-09-17T18:07:19.548Z"}}, {"pk": 214, "model": "admin.logentry", "fields": {"change_message": "", "user": 1, "object_id": "4", "object_repr": "Rolled Off", "action_flag": 1, "content_type": 15, "action_time": "2016-09-17T18:07:27.112Z"}}, {"pk": 215, "model": "admin.logentry", "fields": {"change_message": "", "user": 1, "object_id": "5", "object_repr": "Incapacita", "action_flag": 1, "content_type": 15, "action_time": "2016-09-17T18:07:59.720Z"}}, {"pk": 216, "model": "admin.logentry", "fields": {"change_message": "", "user": 1, "object_id": "6", "object_repr": "Disabled", "action_flag": 1, "content_type": 15, "action_time": "2016-09-17T18:08:05.167Z"}}, {"pk": 217, "model": "admin.logentry", "fields": {"change_message": "Changed state.", "user": 1, "object_id": "3", "object_repr": "Missed End Gane", "action_flag": 2, "content_type": 15, "action_time": "2016-09-17T18:08:11.694Z"}}, {"pk": 218, "model": "admin.logentry", "fields": {"change_message": "Changed state.", "user": 1, "object_id": "5", "object_repr": "Incapacitated", "action_flag": 2, "content_type": 15, "action_time": "2016-09-17T18:08:21.409Z"}}, {"pk": 219, "model": "admin.logentry", "fields": {"change_message": "Changed state.", "user": 1, "object_id": "4", "object_repr": "Rolled Off Batter", "action_flag": 2, "content_type": 15, "action_time": "2016-09-17T18:08:26.544Z"}}, {"pk": 220, "model": "admin.logentry", "fields": {"change_message": "", "user": 1, "object_id": "1", "object_repr": "1st Yellow Card", "action_flag": 1, "content_type": 16, "action_time": "2016-09-17T18:11:03.730Z"}}, {"pk": 221, "model": "admin.logentry", "fields": {"change_message": "", "user": 1, "object_id": "2", "object_repr": "Subsqeuent Yellow Cards", "action_flag": 1, "content_type": 16, "action_time": "2016-09-17T18:12:06.764Z"}}, {"pk": 222, "model": "admin.logentry", "fields": {"change_message": "Changed card_name.", "user": 1, "object_id": "2", "object_repr": "Subsqeuent Yellow Card", "action_flag": 2, "content_type": 16, "action_time": "2016-09-17T18:12:10.863Z"}}, {"pk": 223, "model": "admin.logentry", "fields": {"change_message": "", "user": 1, "object_id": "3", "object_repr": "Red Card", "action_flag": 1, "content_type": 16, "action_time": "2016-09-17T18:12:16.650Z"}}, {"pk": 224, "model": "admin.logentry", "fields": {"change_message": "Changed state.", "user": 1, "object_id": "3", "object_repr": "Missed End Game", "action_flag": 2, "content_type": 15, "action_time": "2016-10-01T15:17:50.059Z"}}, {"pk": 225, "model": "admin.logentry", "fields": {"change_message": "", "user": 1, "object_id": "4", "object_repr": "AllianceMatch object", "action_flag": 3, "content_type": 14, "action_time": "2016-10-08T14:44:37.088Z"}}, {"pk": 226, "model": "admin.logentry", "fields": {"change_message": "", "user": 1, "object_id": "3", "object_repr": "AllianceMatch object", "action_flag": 3, "content_type": 14, "action_time": "2016-10-08T14:44:37.221Z"}}, {"pk": 227, "model": "admin.logentry", "fields": {"change_message": "", "user": 1, "object_id": "2", "object_repr": "AllianceMatch object", "action_flag": 3, "content_type": 14, "action_time": "2016-10-08T14:44:37.286Z"}}, {"pk": 228, "model": "admin.logentry", "fields": {"change_message": "", "user": 1, "object_id": "1", "object_repr": "AllianceMatch object", "action_flag": 3, "content_type": 14, "action_time": "2016-10-08T14:44:37.453Z"}}, {"pk": 229, "model": "admin.logentry", "fields": {"change_message": "", "user": 1, "object_id": "2", "object_repr": "Subsqeuent Yellow Card", "action_flag": 3, "content_type": 16, "action_time": "2016-10-08T14:44:49.972Z"}}, {"pk": 230, "model": "admin.logentry", "fields": {"change_message": "", "user": 1, "object_id": "1", "object_repr": "kurt4wilson@gmail.com", "action_flag": 3, "content_type": 12, "action_time": "2016-10-08T14:45:54.779Z"}}, {"pk": 239, "model": "admin.logentry", "fields": {"change_message": "", "user": 1, "object_id": "13", "object_repr": "1", "action_flag": 3, "content_type": 6, "action_time": "2016-10-08T14:46:14.207Z"}}, {"pk": 240, "model": "admin.logentry", "fields": {"change_message": "", "user": 1, "object_id": "12", "object_repr": "1", "action_flag": 3, "content_type": 6, "action_time": "2016-10-08T14:46:14.271Z"}}, {"pk": 241, "model": "admin.logentry", "fields": {"change_message": "", "user": 1, "object_id": "11", "object_repr": "0", "action_flag": 3, "content_type": 6, "action_time": "2016-10-08T14:46:14.348Z"}}, {"pk": 242, "model": "admin.logentry", "fields": {"change_message": "", "user": 1, "object_id": "10", "object_repr": "0", "action_flag": 3, "content_type": 6, "action_time": "2016-10-08T14:46:14.426Z"}}, {"pk": 243, "model": "admin.logentry", "fields": {"change_message": "", "user": 1, "object_id": "9", "object_repr": "4", "action_flag": 3, "content_type": 6, "action_time": "2016-10-08T14:46:14.482Z"}}, {"pk": 244, "model": "admin.logentry", "fields": {"change_message": "", "user": 1, "object_id": "8", "object_repr": "6", "action_flag": 3, "content_type": 6, "action_time": "2016-10-08T14:46:14.559Z"}}, {"pk": 245, "model": "admin.logentry", "fields": {"change_message": "", "user": 1, "object_id": "1", "object_repr": "1: The Juggernauts", "action_flag": 3, "content_type": 2, "action_time": "2016-10-08T14:46:32.813Z"}}, {"pk": 246, "model": "admin.logentry", "fields": {"change_message": "", "user": 1, "object_id": "16", "object_repr": "16: Bomb Squad", "action_flag": 3, "content_type": 2, "action_time": "2016-10-08T14:46:32.909Z"}}, {"pk": 247, "model": "admin.logentry", "fields": {"change_message": "", "user": 1, "object_id": "20", "object_repr": "20: The Rocketeers", "action_flag": 3, "content_type": 2, "action_time": "2016-10-08T14:46:32.976Z"}}, {"pk": 248, "model": "admin.logentry", "fields": {"change_message": "", "user": 1, "object_id": "27", "object_repr": "27: Team RUSH", "action_flag": 3, "content_type": 2, "action_time": "2016-10-08T14:46:33.042Z"}}, {"pk": 249, "model": "admin.logentry", "fields": {"change_message": "", "user": 1, "object_id": "33", "object_repr": "33: Killer Bees", "action_flag": 3, "content_type": 2, "action_time": "2016-10-08T14:46:33.120Z"}}, {"pk": 250, "model": "admin.logentry", "fields": {"change_message": "", "user": 1, "object_id": "45", "object_repr": "45: TechnoKats Robotics Team", "action_flag": 3, "content_type": 2, "action_time": "2016-10-08T14:46:33.176Z"}}, {"pk": 251, "model": "admin.logentry", "fields": {"change_message": "", "user": 1, "object_id": "48", "object_repr": "48: Delphi E.L.I.T.E.", "action_flag": 3, "content_type": 2, "action_time": "2016-10-08T14:46:33.253Z"}}, {"pk": 252, "model": "admin.logentry", "fields": {"change_message": "", "user": 1, "object_id": "67", "object_repr": "67: The HOT Team", "action_flag": 3, "content_type": 2, "action_time": "2016-10-08T14:46:33.331Z"}}, {"pk": 253, "model": "admin.logentry", "fields": {"change_message": "", "user": 1, "object_id": "71", "object_repr": "71: Team Hammond", "action_flag": 3, "content_type": 2, "action_time": "2016-10-08T14:46:33.386Z"}}, {"pk": 254, "model": "admin.logentry", "fields": {"change_message": "", "user": 1, "object_id": "103", "object_repr": "103: Cybersonics", "action_flag": 3, "content_type": 2, "action_time": "2016-10-08T14:46:33.475Z"}}, {"pk": 255, "model": "admin.logentry", "fields": {"change_message": "", "user": 1, "object_id": "118", "object_repr": "118: Robonauts", "action_flag": 3, "content_type": 2, "action_time": "2016-10-08T14:46:33.564Z"}}, {"pk": 256, "model": "admin.logentry", "fields": {"change_message": "", "user": 1, "object_id": "120", "object_repr": "120: Cleveland's Team", "action_flag": 3, "content_type": 2, "action_time": "2016-10-08T14:46:33.641Z"}}, {"pk": 257, "model": "admin.logentry", "fields": {"change_message": "", "user": 1, "object_id": "122", "object_repr": "122: NASA Knights", "action_flag": 3, "content_type": 2, "action_time": "2016-10-08T14:46:33.730Z"}}, {"pk": 258, "model": "admin.logentry", "fields": {"change_message": "", "user": 1, "object_id": "125", "object_repr": "125: NUTRONs", "action_flag": 3, "content_type": 2, "action_time": "2016-10-08T14:46:33.808Z"}}, {"pk": 259, "model": "admin.logentry", "fields": {"change_message": "", "user": 1, "object_id": "126", "object_repr": "126: Gael Force", "action_flag": 3, "content_type": 2, "action_time": "2016-10-08T14:46:33.885Z"}}, {"pk": 260, "model": "admin.logentry", "fields": {"change_message": "", "user": 1, "object_id": "133", "object_repr": "133: B.E.R.T.", "action_flag": 3, "content_type": 2, "action_time": "2016-10-08T14:46:33.993Z"}}, {"pk": 261, "model": "admin.logentry", "fields": {"change_message": "", "user": 1, "object_id": "188", "object_repr": "188: Blizzard", "action_flag": 3, "content_type": 2, "action_time": "2016-10-08T14:46:34.069Z"}}, {"pk": 262, "model": "admin.logentry", "fields": {"change_message": "", "user": 1, "object_id": "195", "object_repr": "195: CyberKnights", "action_flag": 3, "content_type": 2, "action_time": "2016-10-08T14:46:34.147Z"}}, {"pk": 263, "model": "admin.logentry", "fields": {"change_message": "", "user": 1, "object_id": "217", "object_repr": "217: ThunderChickens", "action_flag": 3, "content_type": 2, "action_time": "2016-10-08T14:46:34.225Z"}}, {"pk": 264, "model": "admin.logentry", "fields": {"change_message": "", "user": 1, "object_id": "225", "object_repr": "225: TechFire", "action_flag": 3, "content_type": 2, "action_time": "2016-10-08T14:46:34.307Z"}}, {"pk": 265, "model": "admin.logentry", "fields": {"change_message": "", "user": 1, "object_id": "229", "object_repr": "229: Division By Zero", "action_flag": 3, "content_type": 2, "action_time": "2016-10-08T14:46:34.385Z"}}, {"pk": 266, "model": "admin.logentry", "fields": {"change_message": "", "user": 1, "object_id": "233", "object_repr": "233: The Pink Team", "action_flag": 3, "content_type": 2, "action_time": "2016-10-08T14:46:34.462Z"}}, {"pk": 267, "model": "admin.logentry", "fields": {"change_message": "", "user": 1, "object_id": "234", "object_repr": "234: Cyber Blue", "action_flag": 3, "content_type": 2, "action_time": "2016-10-08T14:46:34.558Z"}}, {"pk": 268, "model": "admin.logentry", "fields": {"change_message": "", "user": 1, "object_id": "237", "object_repr": "237: Black Magic Robotics", "action_flag": 3, "content_type": 2, "action_time": "2016-10-08T14:46:34.640Z"}}, {"pk": 269, "model": "admin.logentry", "fields": {"change_message": "", "user": 1, "object_id": "245", "object_repr": "245: Adambots", "action_flag": 3, "content_type": 2, "action_time": "2016-10-08T14:46:34.706Z"}}, {"pk": 270, "model": "admin.logentry", "fields": {"change_message": "", "user": 1, "object_id": "254", "object_repr": "254: The Cheesy Poofs", "action_flag": 3, "content_type": 2, "action_time": "2016-10-08T14:46:34.784Z"}}, {"pk": 271, "model": "admin.logentry", "fields": {"change_message": "", "user": 1, "object_id": "283", "object_repr": "283: The Generals", "action_flag": 3, "content_type": 2, "action_time": "2016-10-08T14:46:34.862Z"}}, {"pk": 272, "model": "admin.logentry", "fields": {"change_message": "", "user": 1, "object_id": "330", "object_repr": "330: The Beach Bots", "action_flag": 3, "content_type": 2, "action_time": "2016-10-08T14:46:34.957Z"}}, {"pk": 273, "model": "admin.logentry", "fields": {"change_message": "", "user": 1, "object_id": "342", "object_repr": "342: Burning Magnetos", "action_flag": 3, "content_type": 2, "action_time": "2016-10-08T14:46:35.046Z"}}, {"pk": 274, "model": "admin.logentry", "fields": {"change_message": "", "user": 1, "object_id": "343", "object_repr": "343: Metal-In-Motion", "action_flag": 3, "content_type": 2, "action_time": "2016-10-08T14:46:35.135Z"}}, {"pk": 275, "model": "admin.logentry", "fields": {"change_message": "", "user": 1, "object_id": "461", "object_repr": "461: Westside Boiler Invasion", "action_flag": 3, "content_type": 2, "action_time": "2016-10-08T14:46:35.212Z"}}, {"pk": 276, "model": "admin.logentry", "fields": {"change_message": "", "user": 1, "object_id": "494", "object_repr": "494: Martians", "action_flag": 3, "content_type": 2, "action_time": "2016-10-08T14:46:35.290Z"}}, {"pk": 277, "model": "admin.logentry", "fields": {"change_message": "", "user": 1, "object_id": "503", "object_repr": "503: Frog Force", "action_flag": 3, "content_type": 2, "action_time": "2016-10-08T14:46:35.372Z"}}, {"pk": 278, "model": "admin.logentry", "fields": {"change_message": "", "user": 1, "object_id": "624", "object_repr": "624: CRyptonite", "action_flag": 3, "content_type": 2, "action_time": "2016-10-08T14:46:35.450Z"}}, {"pk": 279, "model": "admin.logentry", "fields": {"change_message": "", "user": 1, "object_id": "708", "object_repr": "708: Hatters Robotics", "action_flag": 3, "content_type": 2, "action_time": "2016-10-08T14:46:35.538Z"}}, {"pk": 280, "model": "admin.logentry", "fields": {"change_message": "", "user": 1, "object_id": "868", "object_repr": "868: TechHOUNDS", "action_flag": 3, "content_type": 2, "action_time": "2016-10-08T14:46:35.616Z"}}, {"pk": 281, "model": "admin.logentry", "fields": {"change_message": "", "user": 1, "object_id": "900", "object_repr": "900: \u265eThe Zebracorns\u265e", "action_flag": 3, "content_type": 2, "action_time": "2016-10-08T14:46:35.694Z"}}, {"pk": 282, "model": "admin.logentry", "fields": {"change_message": "", "user": 1, "object_id": "910", "object_repr": "910: The Foley Freeze", "action_flag": 3, "content_type": 2, "action_time": "2016-10-08T14:46:35.794Z"}}, {"pk": 283, "model": "admin.logentry", "fields": {"change_message": "", "user": 1, "object_id": "1023", "object_repr": "1023: Bedford Express", "action_flag": 3, "content_type": 2, "action_time": "2016-10-08T14:46:35.871Z"}}, {"pk": 284, "model": "admin.logentry", "fields": {"change_message": "", "user": 1, "object_id": "1024", "object_repr": "1024: Kil-A-Bytes", "action_flag": 3, "content_type": 2, "action_time": "2016-10-08T14:46:35.938Z"}}, {"pk": 285, "model": "admin.logentry", "fields": {"change_message": "", "user": 1, "object_id": "1051", "object_repr": "1051: Technical Terminators", "action_flag": 3, "content_type": 2, "action_time": "2016-10-08T14:46:36.015Z"}}, {"pk": 286, "model": "admin.logentry", "fields": {"change_message": "", "user": 1, "object_id": "1058", "object_repr": "1058: PVC Pirates", "action_flag": 3, "content_type": 2, "action_time": "2016-10-08T14:46:36.094Z"}}, {"pk": 287, "model": "admin.logentry", "fields": {"change_message": "", "user": 1, "object_id": "1086", "object_repr": "1086: Blue Cheese", "action_flag": 3, "content_type": 2, "action_time": "2016-10-08T14:46:36.160Z"}}, {"pk": 288, "model": "admin.logentry", "fields": {"change_message": "", "user": 1, "object_id": "1102", "object_repr": "1102: Aiken County Robotics", "action_flag": 3, "content_type": 2, "action_time": "2016-10-08T14:46:36.226Z"}}, {"pk": 289, "model": "admin.logentry", "fields": {"change_message": "", "user": 1, "object_id": "1114", "object_repr": "1114: Simbotics", "action_flag": 3, "content_type": 2, "action_time": "2016-10-08T14:46:36.293Z"}}, {"pk": 290, "model": "admin.logentry", "fields": {"change_message": "", "user": 1, "object_id": "1143", "object_repr": "1143: Cruzin' Comets", "action_flag": 3, "content_type": 2, "action_time": "2016-10-08T14:46:36.359Z"}}, {"pk": 291, "model": "admin.logentry", "fields": {"change_message": "", "user": 1, "object_id": "1241", "object_repr": "1241: THEORY6", "action_flag": 3, "content_type": 2, "action_time": "2016-10-08T14:46:36.437Z"}}, {"pk": 292, "model": "admin.logentry", "fields": {"change_message": "", "user": 1, "object_id": "1257", "object_repr": "1257: Parallel Universe", "action_flag": 3, "content_type": 2, "action_time": "2016-10-08T14:46:36.515Z"}}, {"pk": 293, "model": "admin.logentry", "fields": {"change_message": "", "user": 1, "object_id": "1287", "object_repr": "1287: Aluminum Assault", "action_flag": 3, "content_type": 2, "action_time": "2016-10-08T14:46:36.603Z"}}, {"pk": 294, "model": "admin.logentry", "fields": {"change_message": "", "user": 1, "object_id": "1296", "object_repr": "1296: Full Metal Jackets", "action_flag": 3, "content_type": 2, "action_time": "2016-10-08T14:46:36.670Z"}}, {"pk": 295, "model": "admin.logentry", "fields": {"change_message": "", "user": 1, "object_id": "1310", "object_repr": "1310: Runnymede Robotics", "action_flag": 3, "content_type": 2, "action_time": "2016-10-08T14:46:36.737Z"}}, {"pk": 296, "model": "admin.logentry", "fields": {"change_message": "", "user": 1, "object_id": "1311", "object_repr": "1311: Kell Robotics", "action_flag": 3, "content_type": 2, "action_time": "2016-10-08T14:46:36.814Z"}}, {"pk": 297, "model": "admin.logentry", "fields": {"change_message": "", "user": 1, "object_id": "1369", "object_repr": "1369: Minotaur", "action_flag": 3, "content_type": 2, "action_time": "2016-10-08T14:46:36.903Z"}}, {"pk": 298, "model": "admin.logentry", "fields": {"change_message": "", "user": 1, "object_id": "1398", "object_repr": "1398: Robo-Raiders", "action_flag": 3, "content_type": 2, "action_time": "2016-10-08T14:46:36.981Z"}}, {"pk": 299, "model": "admin.logentry", "fields": {"change_message": "", "user": 1, "object_id": "1405", "object_repr": "1405: Finney Falcons", "action_flag": 3, "content_type": 2, "action_time": "2016-10-08T14:46:37.058Z"}}, {"pk": 300, "model": "admin.logentry", "fields": {"change_message": "", "user": 1, "object_id": "1418", "object_repr": "1418: Vae Victis", "action_flag": 3, "content_type": 2, "action_time": "2016-10-08T14:46:37.136Z"}}, {"pk": 301, "model": "admin.logentry", "fields": {"change_message": "", "user": 1, "object_id": "1477", "object_repr": "1477: Texas Torque", "action_flag": 3, "content_type": 2, "action_time": "2016-10-08T14:46:37.213Z"}}, {"pk": 302, "model": "admin.logentry", "fields": {"change_message": "", "user": 1, "object_id": "1511", "object_repr": "1511: Rolling Thunder", "action_flag": 3, "content_type": 2, "action_time": "2016-10-08T14:46:37.291Z"}}, {"pk": 303, "model": "admin.logentry", "fields": {"change_message": "", "user": 1, "object_id": "1519", "object_repr": "1519: Mechanical Mayhem", "action_flag": 3, "content_type": 2, "action_time": "2016-10-08T14:46:37.369Z"}}, {"pk": 304, "model": "admin.logentry", "fields": {"change_message": "", "user": 1, "object_id": "1529", "object_repr": "1529: CyberCards", "action_flag": 3, "content_type": 2, "action_time": "2016-10-08T14:46:37.447Z"}}, {"pk": 305, "model": "admin.logentry", "fields": {"change_message": "", "user": 1, "object_id": "1539", "object_repr": "1539: Clover Robotics", "action_flag": 3, "content_type": 2, "action_time": "2016-10-08T14:46:37.524Z"}}, {"pk": 306, "model": "admin.logentry", "fields": {"change_message": "", "user": 1, "object_id": "1553", "object_repr": "1553: KC Robotics Team", "action_flag": 3, "content_type": 2, "action_time": "2016-10-08T14:46:37.602Z"}}, {"pk": 307, "model": "admin.logentry", "fields": {"change_message": "", "user": 1, "object_id": "1619", "object_repr": "1619: Up-A-Creek Robotics", "action_flag": 3, "content_type": 2, "action_time": "2016-10-08T14:46:37.679Z"}}, {"pk": 308, "model": "admin.logentry", "fields": {"change_message": "", "user": 1, "object_id": "1640", "object_repr": "1640: Sab-BOT-age", "action_flag": 3, "content_type": 2, "action_time": "2016-10-08T14:46:37.769Z"}}, {"pk": 309, "model": "admin.logentry", "fields": {"change_message": "", "user": 1, "object_id": "1675", "object_repr": "1675: UPS (Ultimate Protection Squad)", "action_flag": 3, "content_type": 2, "action_time": "2016-10-08T14:46:37.853Z"}}, {"pk": 310, "model": "admin.logentry", "fields": {"change_message": "", "user": 1, "object_id": "1676", "object_repr": "1676: The Pascack PI-oneers", "action_flag": 3, "content_type": 2, "action_time": "2016-10-08T14:46:37.930Z"}}, {"pk": 311, "model": "admin.logentry", "fields": {"change_message": "", "user": 1, "object_id": "1700", "object_repr": "1700: Gatorbotics", "action_flag": 3, "content_type": 2, "action_time": "2016-10-08T14:46:38.008Z"}}, {"pk": 312, "model": "admin.logentry", "fields": {"change_message": "", "user": 1, "object_id": "1710", "object_repr": "1710: The Ravonics Revolution", "action_flag": 3, "content_type": 2, "action_time": "2016-10-08T14:46:38.085Z"}}, {"pk": 313, "model": "admin.logentry", "fields": {"change_message": "", "user": 1, "object_id": "1718", "object_repr": "1718: The Fighting Pi", "action_flag": 3, "content_type": 2, "action_time": "2016-10-08T14:46:38.175Z"}}, {"pk": 314, "model": "admin.logentry", "fields": {"change_message": "", "user": 1, "object_id": "1720", "object_repr": "1720: PhyXTGears", "action_flag": 3, "content_type": 2, "action_time": "2016-10-08T14:46:38.263Z"}}, {"pk": 315, "model": "admin.logentry", "fields": {"change_message": "", "user": 1, "object_id": "1731", "object_repr": "1731: Fresta Valley Robotics Club", "action_flag": 3, "content_type": 2, "action_time": "2016-10-08T14:46:38.341Z"}}, {"pk": 316, "model": "admin.logentry", "fields": {"change_message": "", "user": 1, "object_id": "1746", "object_repr": "1746: OTTO", "action_flag": 3, "content_type": 2, "action_time": "2016-10-08T14:46:38.418Z"}}, {"pk": 317, "model": "admin.logentry", "fields": {"change_message": "", "user": 1, "object_id": "1747", "object_repr": "1747: Harrison Boiler Robotics", "action_flag": 3, "content_type": 2, "action_time": "2016-10-08T14:46:38.500Z"}}, {"pk": 318, "model": "admin.logentry", "fields": {"change_message": "", "user": 1, "object_id": "1758", "object_repr": "1758: Technomancers", "action_flag": 3, "content_type": 2, "action_time": "2016-10-08T14:46:38.585Z"}}, {"pk": 319, "model": "admin.logentry", "fields": {"change_message": "", "user": 1, "object_id": "1764", "object_repr": "1764: Liberty Robotics", "action_flag": 3, "content_type": 2, "action_time": "2016-10-08T14:46:38.667Z"}}, {"pk": 320, "model": "admin.logentry", "fields": {"change_message": "", "user": 1, "object_id": "1806", "object_repr": "1806: S.W.A.T.", "action_flag": 3, "content_type": 2, "action_time": "2016-10-08T14:46:38.767Z"}}, {"pk": 321, "model": "admin.logentry", "fields": {"change_message": "", "user": 1, "object_id": "1876", "object_repr": "1876: Beachbotics", "action_flag": 3, "content_type": 2, "action_time": "2016-10-08T14:46:38.855Z"}}, {"pk": 322, "model": "admin.logentry", "fields": {"change_message": "", "user": 1, "object_id": "2013", "object_repr": "2013: Cybergnomes", "action_flag": 3, "content_type": 2, "action_time": "2016-10-08T14:46:38.979Z"}}, {"pk": 323, "model": "admin.logentry", "fields": {"change_message": "", "user": 1, "object_id": "2035", "object_repr": "2035: Robo Rockin' Bots", "action_flag": 3, "content_type": 2, "action_time": "2016-10-08T14:46:39.062Z"}}, {"pk": 324, "model": "admin.logentry", "fields": {"change_message": "", "user": 1, "object_id": "2052", "object_repr": "2052: KnightKrawler", "action_flag": 3, "content_type": 2, "action_time": "2016-10-08T14:46:39.144Z"}}, {"pk": 325, "model": "admin.logentry", "fields": {"change_message": "", "user": 1, "object_id": "2056", "object_repr": "2056: OP Robotics", "action_flag": 3, "content_type": 2, "action_time": "2016-10-08T14:46:39.222Z"}}, {"pk": 326, "model": "admin.logentry", "fields": {"change_message": "", "user": 1, "object_id": "2081", "object_repr": "2081: Icarus", "action_flag": 3, "content_type": 2, "action_time": "2016-10-08T14:46:39.299Z"}}, {"pk": 327, "model": "admin.logentry", "fields": {"change_message": "", "user": 1, "object_id": "2102", "object_repr": "2102: Team Paradox", "action_flag": 3, "content_type": 2, "action_time": "2016-10-08T14:46:39.377Z"}}, {"pk": 328, "model": "admin.logentry", "fields": {"change_message": "", "user": 1, "object_id": "2147", "object_repr": "2147: CHUCK", "action_flag": 3, "content_type": 2, "action_time": "2016-10-08T14:46:39.443Z"}}, {"pk": 329, "model": "admin.logentry", "fields": {"change_message": "", "user": 1, "object_id": "2172", "object_repr": "2172: Street Legal", "action_flag": 3, "content_type": 2, "action_time": "2016-10-08T14:46:39.510Z"}}, {"pk": 330, "model": "admin.logentry", "fields": {"change_message": "", "user": 1, "object_id": "2187", "object_repr": "2187: Team Volt", "action_flag": 3, "content_type": 2, "action_time": "2016-10-08T14:46:39.599Z"}}, {"pk": 331, "model": "admin.logentry", "fields": {"change_message": "", "user": 1, "object_id": "2200", "object_repr": "2200: MMRambotics", "action_flag": 3, "content_type": 2, "action_time": "2016-10-08T14:46:39.676Z"}}, {"pk": 332, "model": "admin.logentry", "fields": {"change_message": "", "user": 1, "object_id": "2252", "object_repr": "2252: The Mavericks", "action_flag": 3, "content_type": 2, "action_time": "2016-10-08T14:46:39.754Z"}}, {"pk": 333, "model": "admin.logentry", "fields": {"change_message": "", "user": 1, "object_id": "2338", "object_repr": "2338: Gear It Forward", "action_flag": 3, "content_type": 2, "action_time": "2016-10-08T14:46:39.832Z"}}, {"pk": 334, "model": "admin.logentry", "fields": {"change_message": "", "user": 1, "object_id": "2386", "object_repr": "2386: Trojans", "action_flag": 3, "content_type": 2, "action_time": "2016-10-08T14:46:39.898Z"}}, {"pk": 335, "model": "admin.logentry", "fields": {"change_message": "", "user": 1, "object_id": "2393", "object_repr": "2393: Robotichauns", "action_flag": 3, "content_type": 2, "action_time": "2016-10-08T14:46:39.976Z"}}, {"pk": 336, "model": "admin.logentry", "fields": {"change_message": "", "user": 1, "object_id": "2451", "object_repr": "2451: PWNAGE", "action_flag": 3, "content_type": 2, "action_time": "2016-10-08T14:46:40.054Z"}}, {"pk": 337, "model": "admin.logentry", "fields": {"change_message": "", "user": 1, "object_id": "2468", "object_repr": "2468: Team Appreciate", "action_flag": 3, "content_type": 2, "action_time": "2016-10-08T14:46:40.131Z"}}, {"pk": 338, "model": "admin.logentry", "fields": {"change_message": "", "user": 1, "object_id": "2481", "object_repr": "2481: Roboteers", "action_flag": 3, "content_type": 2, "action_time": "2016-10-08T14:46:40.220Z"}}, {"pk": 339, "model": "admin.logentry", "fields": {"change_message": "", "user": 1, "object_id": "2502", "object_repr": "2502: Talon Robotics", "action_flag": 3, "content_type": 2, "action_time": "2016-10-08T14:46:40.287Z"}}, {"pk": 340, "model": "admin.logentry", "fields": {"change_message": "", "user": 1, "object_id": "2556", "object_repr": "2556: RadioActive Roaches", "action_flag": 3, "content_type": 2, "action_time": "2016-10-08T14:46:40.353Z"}}, {"pk": 341, "model": "admin.logentry", "fields": {"change_message": "", "user": 1, "object_id": "2590", "object_repr": "2590: Nemesis", "action_flag": 3, "content_type": 2, "action_time": "2016-10-08T14:46:40.420Z"}}, {"pk": 342, "model": "admin.logentry", "fields": {"change_message": "", "user": 1, "object_id": "2614", "object_repr": "2614: MARS", "action_flag": 3, "content_type": 2, "action_time": "2016-10-08T14:46:40.497Z"}}, {"pk": 343, "model": "admin.logentry", "fields": {"change_message": "", "user": 1, "object_id": "2771", "object_repr": "2771: Code Red Robotics the Stray Dogs", "action_flag": 3, "content_type": 2, "action_time": "2016-10-08T14:46:40.586Z"}}, {"pk": 344, "model": "admin.logentry", "fields": {"change_message": "", "user": 1, "object_id": "2815", "object_repr": "2815: Blue Devil Mechanics", "action_flag": 3, "content_type": 2, "action_time": "2016-10-08T14:46:48.370Z"}}, {"pk": 345, "model": "admin.logentry", "fields": {"change_message": "", "user": 1, "object_id": "2826", "object_repr": "2826: Wave Robotics", "action_flag": 3, "content_type": 2, "action_time": "2016-10-08T14:46:48.485Z"}}, {"pk": 346, "model": "admin.logentry", "fields": {"change_message": "", "user": 1, "object_id": "3015", "object_repr": "3015: Ranger Robotics", "action_flag": 3, "content_type": 2, "action_time": "2016-10-08T14:46:48.552Z"}}, {"pk": 347, "model": "admin.logentry", "fields": {"change_message": "", "user": 1, "object_id": "3130", "object_repr": "3130: The East Ridge Robotic Ominous RaptorS - the ERRORS", "action_flag": 3, "content_type": 2, "action_time": "2016-10-08T14:46:48.629Z"}}, {"pk": 348, "model": "admin.logentry", "fields": {"change_message": "", "user": 1, "object_id": "3284", "object_repr": "3284: Camdenton 4H LASER", "action_flag": 3, "content_type": 2, "action_time": "2016-10-08T14:46:48.707Z"}}, {"pk": 349, "model": "admin.logentry", "fields": {"change_message": "", "user": 1, "object_id": "3288", "object_repr": "3288: Punchers", "action_flag": 3, "content_type": 2, "action_time": "2016-10-08T14:46:48.774Z"}}, {"pk": 350, "model": "admin.logentry", "fields": {"change_message": "", "user": 1, "object_id": "3309", "object_repr": "3309: Friarbots", "action_flag": 3, "content_type": 2, "action_time": "2016-10-08T14:46:48.851Z"}}, {"pk": 351, "model": "admin.logentry", "fields": {"change_message": "", "user": 1, "object_id": "3314", "object_repr": "3314: Mechanical Mustangs", "action_flag": 3, "content_type": 2, "action_time": "2016-10-08T14:46:48.929Z"}}, {"pk": 352, "model": "admin.logentry", "fields": {"change_message": "", "user": 1, "object_id": "3360", "object_repr": "3360: Hyperion", "action_flag": 3, "content_type": 2, "action_time": "2016-10-08T14:46:49.007Z"}}, {"pk": 353, "model": "admin.logentry", "fields": {"change_message": "", "user": 1, "object_id": "3476", "object_repr": "3476: Code Orange", "action_flag": 3, "content_type": 2, "action_time": "2016-10-08T14:46:49.084Z"}}, {"pk": 354, "model": "admin.logentry", "fields": {"change_message": "", "user": 1, "object_id": "3481", "object_repr": "3481: Bronc Botz", "action_flag": 3, "content_type": 2, "action_time": "2016-10-08T14:46:49.162Z"}}, {"pk": 355, "model": "admin.logentry", "fields": {"change_message": "", "user": 1, "object_id": "3489", "object_repr": "3489: Category 5", "action_flag": 3, "content_type": 2, "action_time": "2016-10-08T14:46:49.240Z"}}, {"pk": 356, "model": "admin.logentry", "fields": {"change_message": "", "user": 1, "object_id": "3490", "object_repr": "3490: Viper Drive", "action_flag": 3, "content_type": 2, "action_time": "2016-10-08T14:46:49.317Z"}}, {"pk": 357, "model": "admin.logentry", "fields": {"change_message": "", "user": 1, "object_id": "3504", "object_repr": "3504: Girls of Steel", "action_flag": 3, "content_type": 2, "action_time": "2016-10-08T14:46:49.395Z"}}, {"pk": 358, "model": "admin.logentry", "fields": {"change_message": "", "user": 1, "object_id": "3538", "object_repr": "3538: RoboJackets", "action_flag": 3, "content_type": 2, "action_time": "2016-10-08T14:46:49.473Z"}}, {"pk": 359, "model": "admin.logentry", "fields": {"change_message": "", "user": 1, "object_id": "3574", "object_repr": "3574: HIGH TEKERZ", "action_flag": 3, "content_type": 2, "action_time": "2016-10-08T14:46:49.550Z"}}, {"pk": 360, "model": "admin.logentry", "fields": {"change_message": "", "user": 1, "object_id": "3620", "object_repr": "3620: Average Joes", "action_flag": 3, "content_type": 2, "action_time": "2016-10-08T14:46:49.628Z"}}, {"pk": 361, "model": "admin.logentry", "fields": {"change_message": "", "user": 1, "object_id": "3641", "object_repr": "3641: The Flying Toasters", "action_flag": 3, "content_type": 2, "action_time": "2016-10-08T14:46:49.706Z"}}, {"pk": 362, "model": "admin.logentry", "fields": {"change_message": "", "user": 1, "object_id": "3663", "object_repr": "3663: CPR - Cedar Park Robotics", "action_flag": 3, "content_type": 2, "action_time": "2016-10-08T14:46:49.783Z"}}, {"pk": 363, "model": "admin.logentry", "fields": {"change_message": "", "user": 1, "object_id": "3683", "object_repr": "3683: Team Dave", "action_flag": 3, "content_type": 2, "action_time": "2016-10-08T14:46:49.861Z"}}, {"pk": 364, "model": "admin.logentry", "fields": {"change_message": "", "user": 1, "object_id": "3824", "object_repr": "3824: HVA RoHAWKtics", "action_flag": 3, "content_type": 2, "action_time": "2016-10-08T14:46:49.928Z"}}, {"pk": 365, "model": "admin.logentry", "fields": {"change_message": "", "user": 1, "object_id": "3937", "object_repr": "3937: Breakaway", "action_flag": 3, "content_type": 2, "action_time": "2016-10-08T14:46:50.005Z"}}, {"pk": 366, "model": "admin.logentry", "fields": {"change_message": "", "user": 1, "object_id": "3961", "object_repr": "3961: MBA Execs", "action_flag": 3, "content_type": 2, "action_time": "2016-10-08T14:46:50.083Z"}}, {"pk": 367, "model": "admin.logentry", "fields": {"change_message": "", "user": 1, "object_id": "3976", "object_repr": "3976: Electric Hornets", "action_flag": 3, "content_type": 2, "action_time": "2016-10-08T14:46:50.161Z"}}, {"pk": 368, "model": "admin.logentry", "fields": {"change_message": "", "user": 1, "object_id": "4001", "object_repr": "4001: RAMS ROBOTICS", "action_flag": 3, "content_type": 2, "action_time": "2016-10-08T14:46:50.216Z"}}, {"pk": 369, "model": "admin.logentry", "fields": {"change_message": "", "user": 1, "object_id": "4013", "object_repr": "4013: Clockwork Mania", "action_flag": 3, "content_type": 2, "action_time": "2016-10-08T14:46:50.271Z"}}, {"pk": 370, "model": "admin.logentry", "fields": {"change_message": "", "user": 1, "object_id": "4039", "object_repr": "4039: MakeShift Robotics", "action_flag": 3, "content_type": 2, "action_time": "2016-10-08T14:46:50.349Z"}}, {"pk": 371, "model": "admin.logentry", "fields": {"change_message": "", "user": 1, "object_id": "4073", "object_repr": "4073: Robo Kats", "action_flag": 3, "content_type": 2, "action_time": "2016-10-08T14:46:50.405Z"}}, {"pk": 372, "model": "admin.logentry", "fields": {"change_message": "", "user": 1, "object_id": "4074", "object_repr": "4074: Shark Bytes", "action_flag": 3, "content_type": 2, "action_time": "2016-10-08T14:46:50.471Z"}}, {"pk": 373, "model": "admin.logentry", "fields": {"change_message": "", "user": 1, "object_id": "4075", "object_repr": "4075: Robo Tigers", "action_flag": 3, "content_type": 2, "action_time": "2016-10-08T14:46:50.538Z"}}, {"pk": 374, "model": "admin.logentry", "fields": {"change_message": "", "user": 1, "object_id": "4083", "object_repr": "4083: The Iron Wolverines", "action_flag": 3, "content_type": 2, "action_time": "2016-10-08T14:46:50.622Z"}}, {"pk": 375, "model": "admin.logentry", "fields": {"change_message": "", "user": 1, "object_id": "4098", "object_repr": "4098: Viking Robotics Team", "action_flag": 3, "content_type": 2, "action_time": "2016-10-08T14:46:50.744Z"}}, {"pk": 376, "model": "admin.logentry", "fields": {"change_message": "", "user": 1, "object_id": "4122", "object_repr": "4122: Ossining O-Bots", "action_flag": 3, "content_type": 2, "action_time": "2016-10-08T14:46:50.822Z"}}, {"pk": 377, "model": "admin.logentry", "fields": {"change_message": "", "user": 1, "object_id": "4146", "object_repr": "4146: Sabercats", "action_flag": 3, "content_type": 2, "action_time": "2016-10-08T14:46:50.910Z"}}, {"pk": 378, "model": "admin.logentry", "fields": {"change_message": "", "user": 1, "object_id": "4242", "object_repr": "4242: Fresh T.E.C.H.", "action_flag": 3, "content_type": 2, "action_time": "2016-10-08T14:46:50.988Z"}}, {"pk": 379, "model": "admin.logentry", "fields": {"change_message": "", "user": 1, "object_id": "4243", "object_repr": "4243: STAR Warriors", "action_flag": 3, "content_type": 2, "action_time": "2016-10-08T14:46:51.066Z"}}, {"pk": 380, "model": "admin.logentry", "fields": {"change_message": "", "user": 1, "object_id": "4265", "object_repr": "4265: Secret City Wildbots", "action_flag": 3, "content_type": 2, "action_time": "2016-10-08T14:46:51.144Z"}}, {"pk": 381, "model": "admin.logentry", "fields": {"change_message": "", "user": 1, "object_id": "4267", "object_repr": "4267: Brave Bots", "action_flag": 3, "content_type": 2, "action_time": "2016-10-08T14:46:51.221Z"}}, {"pk": 382, "model": "admin.logentry", "fields": {"change_message": "", "user": 1, "object_id": "4276", "object_repr": "4276: Surf City Vikings", "action_flag": 3, "content_type": 2, "action_time": "2016-10-08T14:46:51.299Z"}}, {"pk": 383, "model": "admin.logentry", "fields": {"change_message": "", "user": 1, "object_id": "4451", "object_repr": "4451: ROBOTZ Garage", "action_flag": 3, "content_type": 2, "action_time": "2016-10-08T14:46:51.366Z"}}, {"pk": 384, "model": "admin.logentry", "fields": {"change_message": "", "user": 1, "object_id": "4504", "object_repr": "4504: B. C. Robotics", "action_flag": 3, "content_type": 2, "action_time": "2016-10-08T14:46:51.429Z"}}, {"pk": 385, "model": "admin.logentry", "fields": {"change_message": "", "user": 1, "object_id": "4533", "object_repr": "4533: Wando Adv. Robotics", "action_flag": 3, "content_type": 2, "action_time": "2016-10-08T14:46:51.492Z"}}, {"pk": 386, "model": "admin.logentry", "fields": {"change_message": "", "user": 1, "object_id": "4547", "object_repr": "4547: WestyTek", "action_flag": 3, "content_type": 2, "action_time": "2016-10-08T14:46:51.558Z"}}, {"pk": 387, "model": "admin.logentry", "fields": {"change_message": "", "user": 1, "object_id": "4550", "object_repr": "4550: Something's Bruin", "action_flag": 3, "content_type": 2, "action_time": "2016-10-08T14:46:51.625Z"}}, {"pk": 388, "model": "admin.logentry", "fields": {"change_message": "", "user": 1, "object_id": "4561", "object_repr": "4561: TerrorBytes", "action_flag": 3, "content_type": 2, "action_time": "2016-10-08T14:46:51.691Z"}}, {"pk": 389, "model": "admin.logentry", "fields": {"change_message": "", "user": 1, "object_id": "4582", "object_repr": "4582: Robohawks ", "action_flag": 3, "content_type": 2, "action_time": "2016-10-08T14:46:51.758Z"}}, {"pk": 390, "model": "admin.logentry", "fields": {"change_message": "", "user": 1, "object_id": "4587", "object_repr": "4587: Jersey Voltage", "action_flag": 3, "content_type": 2, "action_time": "2016-10-08T14:46:51.836Z"}}, {"pk": 391, "model": "admin.logentry", "fields": {"change_message": "", "user": 1, "object_id": "4613", "object_repr": "4613: Barker Redbacks", "action_flag": 3, "content_type": 2, "action_time": "2016-10-08T14:46:51.902Z"}}, {"pk": 392, "model": "admin.logentry", "fields": {"change_message": "", "user": 1, "object_id": "4678", "object_repr": "4678: CyberCavs", "action_flag": 3, "content_type": 2, "action_time": "2016-10-08T14:46:51.958Z"}}, {"pk": 393, "model": "admin.logentry", "fields": {"change_message": "", "user": 1, "object_id": "4744", "object_repr": "4744: Ninjas", "action_flag": 3, "content_type": 2, "action_time": "2016-10-08T14:46:52.013Z"}}, {"pk": 394, "model": "admin.logentry", "fields": {"change_message": "", "user": 1, "object_id": "4748", "object_repr": "4748: Bulldog Autobots", "action_flag": 3, "content_type": 2, "action_time": "2016-10-08T14:46:52.069Z"}}, {"pk": 395, "model": "admin.logentry", "fields": {"change_message": "", "user": 1, "object_id": "4823", "object_repr": "4823: Cyber-Manes", "action_flag": 3, "content_type": 2, "action_time": "2016-10-08T14:46:52.124Z"}}, {"pk": 396, "model": "admin.logentry", "fields": {"change_message": "", "user": 1, "object_id": "4847", "object_repr": "4847: Tech-No-Logic Trojans", "action_flag": 3, "content_type": 2, "action_time": "2016-10-08T14:46:52.191Z"}}, {"pk": 397, "model": "admin.logentry", "fields": {"change_message": "", "user": 1, "object_id": "4901", "object_repr": "4901: Garnet Squadron", "action_flag": 3, "content_type": 2, "action_time": "2016-10-08T14:46:52.258Z"}}, {"pk": 398, "model": "admin.logentry", "fields": {"change_message": "", "user": 1, "object_id": "4902", "object_repr": "4902: The Wildebots", "action_flag": 3, "content_type": 2, "action_time": "2016-10-08T14:46:52.324Z"}}, {"pk": 399, "model": "admin.logentry", "fields": {"change_message": "", "user": 1, "object_id": "4965", "object_repr": "4965: FIRE", "action_flag": 3, "content_type": 2, "action_time": "2016-10-08T14:46:52.391Z"}}, {"pk": 400, "model": "admin.logentry", "fields": {"change_message": "", "user": 1, "object_id": "4967", "object_repr": "4967: That ONE Team", "action_flag": 3, "content_type": 2, "action_time": "2016-10-08T14:46:52.457Z"}}, {"pk": 401, "model": "admin.logentry", "fields": {"change_message": "", "user": 1, "object_id": "4992", "object_repr": "4992: Spartans", "action_flag": 3, "content_type": 2, "action_time": "2016-10-08T14:46:52.512Z"}}, {"pk": 402, "model": "admin.logentry", "fields": {"change_message": "", "user": 1, "object_id": "5020", "object_repr": "5020: CavBOTS", "action_flag": 3, "content_type": 2, "action_time": "2016-10-08T14:46:52.579Z"}}, {"pk": 403, "model": "admin.logentry", "fields": {"change_message": "", "user": 1, "object_id": "5022", "object_repr": "5022: Rat Rod Robotics", "action_flag": 3, "content_type": 2, "action_time": "2016-10-08T14:46:52.646Z"}}, {"pk": 404, "model": "admin.logentry", "fields": {"change_message": "", "user": 1, "object_id": "5039", "object_repr": "5039: Irish Iron", "action_flag": 3, "content_type": 2, "action_time": "2016-10-08T14:46:52.712Z"}}, {"pk": 405, "model": "admin.logentry", "fields": {"change_message": "", "user": 1, "object_id": "5063", "object_repr": "5063: BuzzBots", "action_flag": 3, "content_type": 2, "action_time": "2016-10-08T14:46:52.779Z"}}, {"pk": 406, "model": "admin.logentry", "fields": {"change_message": "", "user": 1, "object_id": "5124", "object_repr": "5124: West Torrance Robotics", "action_flag": 3, "content_type": 2, "action_time": "2016-10-08T14:46:52.845Z"}}, {"pk": 407, "model": "admin.logentry", "fields": {"change_message": "", "user": 1, "object_id": "5130", "object_repr": "5130: Undercogs", "action_flag": 3, "content_type": 2, "action_time": "2016-10-08T14:46:52.912Z"}}, {"pk": 408, "model": "admin.logentry", "fields": {"change_message": "", "user": 1, "object_id": "5150", "object_repr": "5150: Hybrid Hornets", "action_flag": 3, "content_type": 2, "action_time": "2016-10-08T14:46:52.979Z"}}, {"pk": 409, "model": "admin.logentry", "fields": {"change_message": "", "user": 1, "object_id": "5172", "object_repr": "5172: Gators", "action_flag": 3, "content_type": 2, "action_time": "2016-10-08T14:46:53.045Z"}}, {"pk": 410, "model": "admin.logentry", "fields": {"change_message": "", "user": 1, "object_id": "5180", "object_repr": "5180: Metal Heads", "action_flag": 3, "content_type": 2, "action_time": "2016-10-08T14:46:53.134Z"}}, {"pk": 411, "model": "admin.logentry", "fields": {"change_message": "", "user": 1, "object_id": "5254", "object_repr": "5254: HYPE", "action_flag": 3, "content_type": 2, "action_time": "2016-10-08T14:46:53.189Z"}}, {"pk": 412, "model": "admin.logentry", "fields": {"change_message": "", "user": 1, "object_id": "5274", "object_repr": "5274: Wolverines", "action_flag": 3, "content_type": 2, "action_time": "2016-10-08T14:46:53.267Z"}}, {"pk": 413, "model": "admin.logentry", "fields": {"change_message": "", "user": 1, "object_id": "5317", "object_repr": "5317: Redhawks", "action_flag": 3, "content_type": 2, "action_time": "2016-10-08T14:46:53.322Z"}}, {"pk": 414, "model": "admin.logentry", "fields": {"change_message": "", "user": 1, "object_id": "5327", "object_repr": "5327: Griffin Robotics", "action_flag": 3, "content_type": 2, "action_time": "2016-10-08T14:46:53.378Z"}}, {"pk": 415, "model": "admin.logentry", "fields": {"change_message": "", "user": 1, "object_id": "5409", "object_repr": "5409: Chargers", "action_flag": 3, "content_type": 2, "action_time": "2016-10-08T14:46:53.456Z"}}, {"pk": 416, "model": "admin.logentry", "fields": {"change_message": "", "user": 1, "object_id": "5410", "object_repr": "5410: Eaglebotics", "action_flag": 3, "content_type": 2, "action_time": "2016-10-08T14:46:53.533Z"}}, {"pk": 417, "model": "admin.logentry", "fields": {"change_message": "", "user": 1, "object_id": "5450", "object_repr": "5450: St. Helens Robotics and Engineering Club (SHREC)", "action_flag": 3, "content_type": 2, "action_time": "2016-10-08T14:46:53.589Z"}}, {"pk": 418, "model": "admin.logentry", "fields": {"change_message": "", "user": 1, "object_id": "5460", "object_repr": "5460: Strike Zone", "action_flag": 3, "content_type": 2, "action_time": "2016-10-08T14:46:53.666Z"}}, {"pk": 419, "model": "admin.logentry", "fields": {"change_message": "", "user": 1, "object_id": "5499", "object_repr": "5499: Berkeley High Robotics", "action_flag": 3, "content_type": 2, "action_time": "2016-10-08T14:46:53.766Z"}}, {"pk": 420, "model": "admin.logentry", "fields": {"change_message": "", "user": 1, "object_id": "5505", "object_repr": "5505: V2 Robotics", "action_flag": 3, "content_type": 2, "action_time": "2016-10-08T14:46:53.833Z"}}, {"pk": 421, "model": "admin.logentry", "fields": {"change_message": "", "user": 1, "object_id": "5686", "object_repr": "5686: Wirecats", "action_flag": 3, "content_type": 2, "action_time": "2016-10-08T14:46:53.899Z"}}, {"pk": 422, "model": "admin.logentry", "fields": {"change_message": "", "user": 1, "object_id": "5777", "object_repr": "5777: Static Storm", "action_flag": 3, "content_type": 2, "action_time": "2016-10-08T14:46:53.966Z"}}, {"pk": 423, "model": "admin.logentry", "fields": {"change_message": "", "user": 1, "object_id": "5817", "object_repr": "5817: Uni-Rex", "action_flag": 3, "content_type": 2, "action_time": "2016-10-08T14:46:54.032Z"}}, {"pk": 424, "model": "admin.logentry", "fields": {"change_message": "", "user": 1, "object_id": "5818", "object_repr": "5818: Riviera Robotics", "action_flag": 3, "content_type": 2, "action_time": "2016-10-08T14:46:54.088Z"}}, {"pk": 425, "model": "admin.logentry", "fields": {"change_message": "", "user": 1, "object_id": "5832", "object_repr": "5832: FULL OF AMBITION", "action_flag": 3, "content_type": 2, "action_time": "2016-10-08T14:46:54.143Z"}}, {"pk": 426, "model": "admin.logentry", "fields": {"change_message": "", "user": 1, "object_id": "5851", "object_repr": "5851: Striking Vikings", "action_flag": 3, "content_type": 2, "action_time": "2016-10-08T14:46:54.210Z"}}, {"pk": 427, "model": "admin.logentry", "fields": {"change_message": "", "user": 1, "object_id": "5885", "object_repr": "5885: Villanova WiredCats", "action_flag": 3, "content_type": 2, "action_time": "2016-10-08T14:46:54.288Z"}}, {"pk": 428, "model": "admin.logentry", "fields": {"change_message": "", "user": 1, "object_id": "5898", "object_repr": "5898: RoboFalcons", "action_flag": 3, "content_type": 2, "action_time": "2016-10-08T14:46:54.343Z"}}, {"pk": 429, "model": "admin.logentry", "fields": {"change_message": "", "user": 1, "object_id": "5900", "object_repr": "5900: Career Blazer Robotics Team - The Fighting Mongooses", "action_flag": 3, "content_type": 2, "action_time": "2016-10-08T14:46:54.410Z"}}, {"pk": 430, "model": "admin.logentry", "fields": {"change_message": "", "user": 1, "object_id": "5914", "object_repr": "5914: Caledonia Robotic Warriors", "action_flag": 3, "content_type": 2, "action_time": "2016-10-08T14:46:54.465Z"}}, {"pk": 431, "model": "admin.logentry", "fields": {"change_message": "", "user": 1, "object_id": "6072", "object_repr": "6072: CdM Robotics Club", "action_flag": 3, "content_type": 2, "action_time": "2016-10-08T14:46:54.554Z"}}, {"pk": 432, "model": "admin.logentry", "fields": {"change_message": "", "user": 1, "object_id": "6167", "object_repr": "6167: CB Bearbots", "action_flag": 3, "content_type": 2, "action_time": "2016-10-08T14:46:54.643Z"}}, {"pk": 433, "model": "admin.logentry", "fields": {"change_message": "", "user": 1, "object_id": "6220", "object_repr": "6220: BUILD IT GRIFFINS BOEING", "action_flag": 3, "content_type": 2, "action_time": "2016-10-08T14:46:54.731Z"}}, {"pk": 434, "model": "admin.logentry", "fields": {"change_message": "", "user": 1, "object_id": "6222", "object_repr": "6222: Hemingway Tigers", "action_flag": 3, "content_type": 2, "action_time": "2016-10-08T14:46:54.798Z"}}, {"pk": 435, "model": "admin.logentry", "fields": {"change_message": "", "user": 1, "object_id": "5", "object_repr": "Palmetto Regional", "action_flag": 3, "content_type": 1, "action_time": "2016-10-08T14:47:04.347Z"}}, {"pk": 436, "model": "admin.logentry", "fields": {"change_message": "", "user": 1, "object_id": "4", "object_repr": "Indiana Robotics Invitational", "action_flag": 3, "content_type": 1, "action_time": "2016-10-08T14:47:04.461Z"}}, {"pk": 437, "model": "admin.logentry", "fields": {"change_message": "", "user": 1, "object_id": "3", "object_repr": "Newton Division", "action_flag": 3, "content_type": 1, "action_time": "2016-10-08T14:47:04.517Z"}}, {"pk": 438, "model": "admin.logentry", "fields": {"change_message": "[{\"added\": {}}]", "user": 1, "object_id": "1", "object_repr": "HopperLoad object", "action_flag": 1, "content_type": null, "action_time": "2017-02-04T19:55:26.187Z"}}, {"pk": 439, "model": "admin.logentry", "fields": {"change_message": "[{\"added\": {}}]", "user": 1, "object_id": "2", "object_repr": "HopperLoad object", "action_flag": 1, "content_type": null, "action_time": "2017-02-04T19:57:07.094Z"}}, {"pk": 440, "model": "admin.logentry", "fields": {"change_message": "[{\"added\": {}}]", "user": 1, "object_id": "3", "object_repr": "HopperLoad object", "action_flag": 1, "content_type": null, "action_time": "2017-02-04T19:57:17.333Z"}}, {"pk": 441, "model": "admin.logentry", "fields": {"change_message": "[{\"added\": {}}]", "user": 1, "object_id": "4", "object_repr": "HopperLoad object", "action_flag": 1, "content_type": null, "action_time": "2017-02-04T19:57:26.699Z"}}, {"pk": 442, "model": "admin.logentry", "fields": {"change_message": "[{\"added\": {}}]", "user": 1, "object_id": "5", "object_repr": "HopperLoad object", "action_flag": 1, "content_type": null, "action_time": "2017-02-04T19:57:38.812Z"}}, {"pk": 443, "model": "admin.logentry", "fields": {"change_message": "[{\"added\": {}}]", "user": 1, "object_id": "6", "object_repr": "HopperLoad object", "action_flag": 1, "content_type": null, "action_time": "2017-02-04T19:57:47.363Z"}}, {"pk": 444, "model": "admin.logentry", "fields": {"change_message": "[{\"added\": {}}]", "user": 1, "object_id": "1", "object_repr": "Start (10)", "action_flag": 1, "content_type": 18, "action_time": "2017-02-04T21:52:37.844Z"}}, {"pk": 445, "model": "admin.logentry", "fields": {"change_message": "[{\"added\": {}}]", "user": 1, "object_id": "2", "object_repr": "Small (10-25)", "action_flag": 1, "content_type": 18, "action_time": "2017-02-04T21:52:49.019Z"}}, {"pk": 446, "model": "admin.logentry", "fields": {"change_message": "[{\"added\": {}}]", "user": 1, "object_id": "3", "object_repr": "Medium (25-50)", "action_flag": 1, "content_type": 18, "action_time": "2017-02-04T21:52:53.078Z"}}, {"pk": 447, "model": "admin.logentry", "fields": {"change_message": "[{\"added\": {}}]", "user": 1, "object_id": "4", "object_repr": "Large (50-75)", "action_flag": 1, "content_type": 18, "action_time": "2017-02-04T21:52:57.148Z"}}, {"pk": 448, "model": "admin.logentry", "fields": {"change_message": "[{\"added\": {}}]", "user": 1, "object_id": "5", "object_repr": "Extra Large (75-100)", "action_flag": 1, "content_type": 18, "action_time": "2017-02-04T21:53:01.437Z"}}, {"pk": 449, "model": "admin.logentry", "fields": {"change_message": "[{\"added\": {}}]", "user": 1, "object_id": "6", "object_repr": "Monster (100+)", "action_flag": 1, "content_type": 18, "action_time": "2017-02-04T21:53:05.114Z"}}, {"pk": 450, "model": "admin.logentry", "fields": {"change_message": "[{\"added\": {}}]", "user": 1, "object_id": "1", "object_repr": "None (0)", "action_flag": 1, "content_type": 20, "action_time": "2017-02-04T21:54:16.285Z"}}, {"pk": 451, "model": "admin.logentry", "fields": {"change_message": "[{\"added\": {}}]", "user": 1, "object_id": "2", "object_repr": "Horrible (1-25%)", "action_flag": 1, "content_type": 20, "action_time": "2017-02-04T21:54:24.471Z"}}, {"pk": 452, "model": "admin.logentry", "fields": {"change_message": "[{\"added\": {}}]", "user": 1, "object_id": "3", "object_repr": "Poor (25-50%)", "action_flag": 1, "content_type": 20, "action_time": "2017-02-04T21:54:31.318Z"}}, {"pk": 453, "model": "admin.logentry", "fields": {"change_message": "[{\"added\": {}}]", "user": 1, "object_id": "4", "object_repr": "Good (50-75%)", "action_flag": 1, "content_type": 20, "action_time": "2017-02-04T21:54:39.685Z"}}, {"pk": 454, "model": "admin.logentry", "fields": {"change_message": "[{\"added\": {}}]", "user": 1, "object_id": "5", "object_repr": "Great (75-95%)", "action_flag": 1, "content_type": 20, "action_time": "2017-02-04T21:54:56.128Z"}}, {"pk": 455, "model": "admin.logentry", "fields": {"change_message": "[{\"added\": {}}]", "user": 1, "object_id": "6", "object_repr": "Amazing (95-100%)", "action_flag": 1, "content_type": 20, "action_time": "2017-02-04T21:55:03.292Z"}}, {"pk": 456, "model": "admin.logentry", "fields": {"change_message": "[{\"changed\": {\"fields\": [\"state\"]}}]", "user": 1, "object_id": "3", "object_repr": "Missed Game", "action_flag": 2, "content_type": 15, "action_time": "2017-02-08T00:41:33.465Z"}}, {"pk": 457, "model": "admin.logentry", "fields": {"change_message": "", "user": 1, "object_id": "4", "object_repr": "1", "action_flag": 3, "content_type": 6, "action_time": "2017-02-08T01:22:52.316Z"}}, {"pk": 458, "model": "admin.logentry", "fields": {"change_message": "", "user": 1, "object_id": "3", "object_repr": "1", "action_flag": 3, "content_type": 6, "action_time": "2017-02-08T01:22:52.366Z"}}, {"pk": 459, "model": "admin.logentry", "fields": {"change_message": "", "user": 1, "object_id": "2", "object_repr": "3", "action_flag": 3, "content_type": 6, "action_time": "2017-02-08T01:22:52.387Z"}}, {"pk": 460, "model": "admin.logentry", "fields": {"change_message": "", "user": 1, "object_id": "1", "object_repr": "1", "action_flag": 3, "content_type": 6, "action_time": "2017-02-08T01:22:52.410Z"}}, {"pk": 461, "model": "admin.logentry", "fields": {"change_message": "[{\"added\": {}}]", "user": 1, "object_id": "7", "object_repr": "None", "action_flag": 1, "content_type": 18, "action_time": "2017-02-11T00:46:46.159Z"}}, {"pk": 462, "model": "admin.logentry", "fields": {"change_message": "", "user": 1, "object_id": "9", "object_repr": "2", "action_flag": 3, "content_type": 6, "action_time": "2017-02-11T17:53:48.610Z"}}, {"pk": 463, "model": "admin.logentry", "fields": {"change_message": "", "user": 1, "object_id": "8", "object_repr": "2", "action_flag": 3, "content_type": 6, "action_time": "2017-02-11T17:53:48.656Z"}}, {"pk": 464, "model": "admin.logentry", "fields": {"change_message": "", "user": 1, "object_id": "7", "object_repr": "2", "action_flag": 3, "content_type": 6, "action_time": "2017-02-11T17:53:48.681Z"}}, {"pk": 465, "model": "admin.logentry", "fields": {"change_message": "", "user": 1, "object_id": "6", "object_repr": "1", "action_flag": 3, "content_type": 6, "action_time": "2017-02-11T17:53:48.704Z"}}, {"pk": 466, "model": "admin.logentry", "fields": {"change_message": "", "user": 1, "object_id": "5", "object_repr": "1", "action_flag": 3, "content_type": 6, "action_time": "2017-02-11T17:53:48.726Z"}}, {"pk": 467, "model": "admin.logentry", "fields": {"change_message": "", "user": 1, "object_id": "11", "object_repr": "2", "action_flag": 3, "content_type": 6, "action_time": "2017-02-11T17:56:08.710Z"}}, {"pk": 468, "model": "admin.logentry", "fields": {"change_message": "", "user": 1, "object_id": "10", "object_repr": "2", "action_flag": 3, "content_type": 6, "action_time": "2017-02-11T17:56:08.737Z"}}, {"pk": 469, "model": "admin.logentry", "fields": {"change_message": "", "user": 1, "object_id": "20", "object_repr": "2", "action_flag": 3, "content_type": 6, "action_time": "2017-02-11T18:39:58.199Z"}}, {"pk": 470, "model": "admin.logentry", "fields": {"change_message": "", "user": 1, "object_id": "19", "object_repr": "2", "action_flag": 3, "content_type": 6, "action_time": "2017-02-11T18:39:58.224Z"}}, {"pk": 471, "model": "admin.logentry", "fields": {"change_message": "", "user": 1, "object_id": "18", "object_repr": "2", "action_flag": 3, "content_type": 6, "action_time": "2017-02-11T18:39:58.249Z"}}, {"pk": 472, "model": "admin.logentry", "fields": {"change_message": "", "user": 1, "object_id": "17", "object_repr": "2", "action_flag": 3, "content_type": 6, "action_time": "2017-02-11T18:39:58.274Z"}}, {"pk": 473, "model": "admin.logentry", "fields": {"change_message": "", "user": 1, "object_id": "16", "object_repr": "2", "action_flag": 3, "content_type": 6, "action_time": "2017-02-11T18:39:58.298Z"}}, {"pk": 474, "model": "admin.logentry", "fields": {"change_message": "", "user": 1, "object_id": "15", "object_repr": "2", "action_flag": 3, "content_type": 6, "action_time": "2017-02-11T18:39:58.321Z"}}, {"pk": 475, "model": "admin.logentry", "fields": {"change_message": "", "user": 1, "object_id": "14", "object_repr": "2", "action_flag": 3, "content_type": 6, "action_time": "2017-02-11T18:39:58.344Z"}}, {"pk": 476, "model": "admin.logentry", "fields": {"change_message": "", "user": 1, "object_id": "13", "object_repr": "2", "action_flag": 3, "content_type": 6, "action_time": "2017-02-11T18:39:58.367Z"}}, {"pk": 477, "model": "admin.logentry", "fields": {"change_message": "", "user": 1, "object_id": "12", "object_repr": "2", "action_flag": 3, "content_type": 6, "action_time": "2017-02-11T18:39:58.401Z"}}, {"pk": 478, "model": "admin.logentry", "fields": {"change_message": "", "user": 1, "object_id": "23", "object_repr": "3", "action_flag": 3, "content_type": 6, "action_time": "2017-02-11T18:48:57.311Z"}}, {"pk": 479, "model": "admin.logentry", "fields": {"change_message": "", "user": 1, "object_id": "22", "object_repr": "2", "action_flag": 3, "content_type": 6, "action_time": "2017-02-11T18:48:57.362Z"}}, {"pk": 480, "model": "admin.logentry", "fields": {"change_message": "", "user": 1, "object_id": "21", "object_repr": "2", "action_flag": 3, "content_type": 6, "action_time": "2017-02-11T18:48:57.385Z"}}, {"pk": 481, "model": "admin.logentry", "fields": {"change_message": "[]", "user": 1, "object_id": "1", "object_repr": "None (0)", "action_flag": 2, "content_type": 20, "action_time": "2017-02-12T01:34:56.996Z"}}, {"pk": 482, "model": "admin.logentry", "fields": {"change_message": "[]", "user": 1, "object_id": "6", "object_repr": "Amazing (95-100%)", "action_flag": 2, "content_type": 20, "action_time": "2017-02-12T01:35:01.984Z"}}, {"pk": 483, "model": "admin.logentry", "fields": {"change_message": "", "user": 1, "object_id": "8", "object_repr": "Volley object", "action_flag": 3, "content_type": 22, "action_time": "2017-02-15T01:13:55.099Z"}}, {"pk": 484, "model": "admin.logentry", "fields": {"change_message": "", "user": 1, "object_id": "7", "object_repr": "Volley object", "action_flag": 3, "content_type": 22, "action_time": "2017-02-15T01:13:55.126Z"}}, {"pk": 485, "model": "admin.logentry", "fields": {"change_message": "", "user": 1, "object_id": "6", "object_repr": "Volley object", "action_flag": 3, "content_type": 22, "action_time": "2017-02-15T01:13:55.153Z"}}, {"pk": 486, "model": "admin.logentry", "fields": {"change_message": "", "user": 1, "object_id": "5", "object_repr": "Volley object", "action_flag": 3, "content_type": 22, "action_time": "2017-02-15T01:13:55.178Z"}}, {"pk": 487, "model": "admin.logentry", "fields": {"change_message": "", "user": 1, "object_id": "4", "object_repr": "Volley object", "action_flag": 3, "content_type": 22, "action_time": "2017-02-15T01:13:55.205Z"}}, {"pk": 488, "model": "admin.logentry", "fields": {"change_message": "", "user": 1, "object_id": "3", "object_repr": "Volley object", "action_flag": 3, "content_type": 22, "action_time": "2017-02-15T01:13:55.228Z"}}, {"pk": 489, "model": "admin.logentry", "fields": {"change_message": "", "user": 1, "object_id": "2", "object_repr": "Volley object", "action_flag": 3, "content_type": 22, "action_time": "2017-02-15T01:13:55.253Z"}}, {"pk": 490, "model": "admin.logentry", "fields": {"change_message": "", "user": 1, "object_id": "1", "object_repr": "Volley object", "action_flag": 3, "content_type": 22, "action_time": "2017-02-15T01:13:55.284Z"}}, {"pk": "1nw74f2zeuphsncp6mdjdtaborxr9fai", "model": "sessions.session", "fields": {"session_data": "MzM0ZmM5YjIzNGZkODk2MDkzNzBjN2ZlODY1OGIxNWQ3MTczOTkwZTp7Il9hdXRoX3VzZXJfaWQiOiIxIiwiX2F1dGhfdXNlcl9iYWNrZW5kIjoiZGphbmdvLmNvbnRyaWIuYXV0aC5iYWNrZW5kcy5Nb2RlbEJhY2tlbmQiLCJfYXV0aF91c2VyX2hhc2giOiI0NjI2YTE0Yzk1YjgxZjZjMTg2ZWViNzgxMmZkMmZmMTA1MmNlN2Y3In0=", "expire_date": "2016-08-29T11:18:08.649Z"}}, {"pk": "1w1d03xozox5uf2ejtivgfqifv028z1z", "model": "sessions.session", "fields": {"session_data": "NzY2ZDI3N2U1ODJmNzBlMGY0NTlhNWM2NGNkMWFjYWU5MzE1NmRjNTp7Il9hdXRoX3VzZXJfYmFja2VuZCI6ImRqYW5nby5jb250cmliLmF1dGguYmFja2VuZHMuTW9kZWxCYWNrZW5kIiwiX2F1dGhfdXNlcl9pZCI6IjEiLCJfYXV0aF91c2VyX2hhc2giOiI3ZjdlMjVmZGExNGY1MWFkNTM0ODA1YjA3MGNiMTgyMjBjM2U3MmMzIn0=", "expire_date": "2017-02-24T23:46:55.129Z"}}, {"pk": "2ht812fgpn8qavs12gcgvvq3dghzsqs7", "model": "sessions.session", "fields": {"session_data": "ZGEzYWU5YWFlZmY1NGM4MTJlYWFmNjRkOWZmNTAwYTNkNWMzZjhlZDp7Il9hdXRoX3VzZXJfYmFja2VuZCI6ImRqYW5nby5jb250cmliLmF1dGguYmFja2VuZHMuTW9kZWxCYWNrZW5kIiwiX2F1dGhfdXNlcl9pZCI6IjEiLCJfYXV0aF91c2VyX2hhc2giOiI0NjI2YTE0Yzk1YjgxZjZjMTg2ZWViNzgxMmZkMmZmMTA1MmNlN2Y3In0=", "expire_date": "2016-10-22T12:52:50.662Z"}}, {"pk": "2xjpm6kbkaz95as7k8tzlgnk6qtl1fu6", "model": "sessions.session", "fields": {"session_data": "YmE5MGQ2N2EwZmQ1NTBhOWZmMmM5NzA5ZDRkMjUyZTAxNjhmZDIzZTp7Il9hdXRoX3VzZXJfYmFja2VuZCI6ImRqYW5nby5jb250cmliLmF1dGguYmFja2VuZHMuTW9kZWxCYWNrZW5kIiwiX2F1dGhfdXNlcl9oYXNoIjoiNDYyNmExNGM5NWI4MWY2YzE4NmVlYjc4MTJmZDJmZjEwNTJjZTdmNyIsIl9hdXRoX3VzZXJfaWQiOiIxIn0=", "expire_date": "2016-09-12T18:03:51.227Z"}}, {"pk": "326n4xh7vtpcbdo05o51nyn6qsxq0pt0", "model": "sessions.session", "fields": {"session_data": "ZGEzYWU5YWFlZmY1NGM4MTJlYWFmNjRkOWZmNTAwYTNkNWMzZjhlZDp7Il9hdXRoX3VzZXJfYmFja2VuZCI6ImRqYW5nby5jb250cmliLmF1dGguYmFja2VuZHMuTW9kZWxCYWNrZW5kIiwiX2F1dGhfdXNlcl9pZCI6IjEiLCJfYXV0aF91c2VyX2hhc2giOiI0NjI2YTE0Yzk1YjgxZjZjMTg2ZWViNzgxMmZkMmZmMTA1MmNlN2Y3In0=", "expire_date": "2016-08-03T19:41:42.015Z"}}, {"pk": "4bc0saltnyqhg7yo0bjdy628fyn1exo1", "model": "sessions.session", "fields": {"session_data": "NjZlMmRhNzBhN2Q4ODIzYzZlODM2ZjQyMmUwOGM5MzRmYzA1MGUwMTp7Il9hdXRoX3VzZXJfaWQiOiIxIiwiX2F1dGhfdXNlcl9oYXNoIjoiNDYyNmExNGM5NWI4MWY2YzE4NmVlYjc4MTJmZDJmZjEwNTJjZTdmNyIsIl9hdXRoX3VzZXJfYmFja2VuZCI6ImRqYW5nby5jb250cmliLmF1dGguYmFja2VuZHMuTW9kZWxCYWNrZW5kIn0=", "expire_date": "2016-07-28T17:29:18.644Z"}}, {"pk": "51gdcnn805w04n74w4y7en8jb0daqqpa", "model": "sessions.session", "fields": {"session_data": "YWM4OGRmMzVhYWFmOWRmMWM5MzY1M2Q4ODE1Mzg1ODM5YmQ5ZWNhNzp7Il9hdXRoX3VzZXJfaGFzaCI6IjQ2MjZhMTRjOTViODFmNmMxODZlZWI3ODEyZmQyZmYxMDUyY2U3ZjciLCJfYXV0aF91c2VyX2JhY2tlbmQiOiJkamFuZ28uY29udHJpYi5hdXRoLmJhY2tlbmRzLk1vZGVsQmFja2VuZCIsIl9hdXRoX3VzZXJfaWQiOiIxIn0=", "expire_date": "2016-10-30T23:55:53.868Z"}}, {"pk": "5cp6ni2xyhz3fxfymh8drxaza9eo78kr", "model": "sessions.session", "fields": {"session_data": "ZGEzYWU5YWFlZmY1NGM4MTJlYWFmNjRkOWZmNTAwYTNkNWMzZjhlZDp7Il9hdXRoX3VzZXJfYmFja2VuZCI6ImRqYW5nby5jb250cmliLmF1dGguYmFja2VuZHMuTW9kZWxCYWNrZW5kIiwiX2F1dGhfdXNlcl9pZCI6IjEiLCJfYXV0aF91c2VyX2hhc2giOiI0NjI2YTE0Yzk1YjgxZjZjMTg2ZWViNzgxMmZkMmZmMTA1MmNlN2Y3In0=", "expire_date": "2016-08-28T17:54:10.969Z"}}, {"pk": "5oewmwx5gr6s3rq0t5ejug5pm4nqgaax", "model": "sessions.session", "fields": {"session_data": "YmE5MGQ2N2EwZmQ1NTBhOWZmMmM5NzA5ZDRkMjUyZTAxNjhmZDIzZTp7Il9hdXRoX3VzZXJfYmFja2VuZCI6ImRqYW5nby5jb250cmliLmF1dGguYmFja2VuZHMuTW9kZWxCYWNrZW5kIiwiX2F1dGhfdXNlcl9oYXNoIjoiNDYyNmExNGM5NWI4MWY2YzE4NmVlYjc4MTJmZDJmZjEwNTJjZTdmNyIsIl9hdXRoX3VzZXJfaWQiOiIxIn0=", "expire_date": "2016-07-10T03:03:08.673Z"}}, {"pk": "6gwidb2nw3clnlcvwvjfupxkri3n559h", "model": "sessions.session", "fields": {"session_data": "MWZlM2E4MjhkN2E0M2I0Mzg5ZGJmNjc4ZmMxYTFlMzg4MDQ5ODY4YTp7Il9hdXRoX3VzZXJfaWQiOiIxIiwiX2F1dGhfdXNlcl9oYXNoIjoiN2Y3ZTI1ZmRhMTRmNTFhZDUzNDgwNWIwNzBjYjE4MjIwYzNlNzJjMyIsIl9hdXRoX3VzZXJfYmFja2VuZCI6ImRqYW5nby5jb250cmliLmF1dGguYmFja2VuZHMuTW9kZWxCYWNrZW5kIn0=", "expire_date": "2017-02-21T23:22:32.697Z"}}, {"pk": "6m344gre5juo7keszfwo8jolibjrvvud", "model": "sessions.session", "fields": {"session_data": "YmE5MGQ2N2EwZmQ1NTBhOWZmMmM5NzA5ZDRkMjUyZTAxNjhmZDIzZTp7Il9hdXRoX3VzZXJfYmFja2VuZCI6ImRqYW5nby5jb250cmliLmF1dGguYmFja2VuZHMuTW9kZWxCYWNrZW5kIiwiX2F1dGhfdXNlcl9oYXNoIjoiNDYyNmExNGM5NWI4MWY2YzE4NmVlYjc4MTJmZDJmZjEwNTJjZTdmNyIsIl9hdXRoX3VzZXJfaWQiOiIxIn0=", "expire_date": "2016-10-14T21:03:16.144Z"}}, {"pk": "ac8wvsnz6d5q9zufn68i3x2zo1uw0vf5", "model": "sessions.session", "fields": {"session_data": "YmE5MGQ2N2EwZmQ1NTBhOWZmMmM5NzA5ZDRkMjUyZTAxNjhmZDIzZTp7Il9hdXRoX3VzZXJfYmFja2VuZCI6ImRqYW5nby5jb250cmliLmF1dGguYmFja2VuZHMuTW9kZWxCYWNrZW5kIiwiX2F1dGhfdXNlcl9oYXNoIjoiNDYyNmExNGM5NWI4MWY2YzE4NmVlYjc4MTJmZDJmZjEwNTJjZTdmNyIsIl9hdXRoX3VzZXJfaWQiOiIxIn0=", "expire_date": "2016-09-12T18:31:25.994Z"}}, {"pk": "f2m9ffniaxaxl6gpcx3cmqi4g8chi98q", "model": "sessions.session", "fields": {"session_data": "ZGEzYWU5YWFlZmY1NGM4MTJlYWFmNjRkOWZmNTAwYTNkNWMzZjhlZDp7Il9hdXRoX3VzZXJfYmFja2VuZCI6ImRqYW5nby5jb250cmliLmF1dGguYmFja2VuZHMuTW9kZWxCYWNrZW5kIiwiX2F1dGhfdXNlcl9pZCI6IjEiLCJfYXV0aF91c2VyX2hhc2giOiI0NjI2YTE0Yzk1YjgxZjZjMTg2ZWViNzgxMmZkMmZmMTA1MmNlN2Y3In0=", "expire_date": "2016-08-20T16:33:48.545Z"}}, {"pk": "hgj3j8k1dd5jazmw6carjbpbpigeduhg", "model": "sessions.session", "fields": {"session_data": "YmE5MGQ2N2EwZmQ1NTBhOWZmMmM5NzA5ZDRkMjUyZTAxNjhmZDIzZTp7Il9hdXRoX3VzZXJfYmFja2VuZCI6ImRqYW5nby5jb250cmliLmF1dGguYmFja2VuZHMuTW9kZWxCYWNrZW5kIiwiX2F1dGhfdXNlcl9oYXNoIjoiNDYyNmExNGM5NWI4MWY2YzE4NmVlYjc4MTJmZDJmZjEwNTJjZTdmNyIsIl9hdXRoX3VzZXJfaWQiOiIxIn0=", "expire_date": "2016-07-10T02:56:08.890Z"}}, {"pk": "hppqhv8sr812c6t52qhrz7hyyvu9645a", "model": "sessions.session", "fields": {"session_data": "YmE5MGQ2N2EwZmQ1NTBhOWZmMmM5NzA5ZDRkMjUyZTAxNjhmZDIzZTp7Il9hdXRoX3VzZXJfYmFja2VuZCI6ImRqYW5nby5jb250cmliLmF1dGguYmFja2VuZHMuTW9kZWxCYWNrZW5kIiwiX2F1dGhfdXNlcl9oYXNoIjoiNDYyNmExNGM5NWI4MWY2YzE4NmVlYjc4MTJmZDJmZjEwNTJjZTdmNyIsIl9hdXRoX3VzZXJfaWQiOiIxIn0=", "expire_date": "2016-10-14T21:47:28.860Z"}}, {"pk": "ipux5nvpb5ehcb3j2gihldfuxphfm8i4", "model": "sessions.session", "fields": {"session_data": "NjZlMmRhNzBhN2Q4ODIzYzZlODM2ZjQyMmUwOGM5MzRmYzA1MGUwMTp7Il9hdXRoX3VzZXJfaWQiOiIxIiwiX2F1dGhfdXNlcl9oYXNoIjoiNDYyNmExNGM5NWI4MWY2YzE4NmVlYjc4MTJmZDJmZjEwNTJjZTdmNyIsIl9hdXRoX3VzZXJfYmFja2VuZCI6ImRqYW5nby5jb250cmliLmF1dGguYmFja2VuZHMuTW9kZWxCYWNrZW5kIn0=", "expire_date": "2016-07-20T18:11:11.489Z"}}, {"pk": "kubmxo9jgg6w0khqxgqx0cy5x6i0h21n", "model": "sessions.session", "fields": {"session_data": "ZGEzYWU5YWFlZmY1NGM4MTJlYWFmNjRkOWZmNTAwYTNkNWMzZjhlZDp7Il9hdXRoX3VzZXJfYmFja2VuZCI6ImRqYW5nby5jb250cmliLmF1dGguYmFja2VuZHMuTW9kZWxCYWNrZW5kIiwiX2F1dGhfdXNlcl9pZCI6IjEiLCJfYXV0aF91c2VyX2hhc2giOiI0NjI2YTE0Yzk1YjgxZjZjMTg2ZWViNzgxMmZkMmZmMTA1MmNlN2Y3In0=", "expire_date": "2016-07-05T21:30:21.859Z"}}, {"pk": "kuzn0ulwq203gh36j9t298mcc8ngk1td", "model": "sessions.session", "fields": {"session_data": "MzM0ZmM5YjIzNGZkODk2MDkzNzBjN2ZlODY1OGIxNWQ3MTczOTkwZTp7Il9hdXRoX3VzZXJfaWQiOiIxIiwiX2F1dGhfdXNlcl9iYWNrZW5kIjoiZGphbmdvLmNvbnRyaWIuYXV0aC5iYWNrZW5kcy5Nb2RlbEJhY2tlbmQiLCJfYXV0aF91c2VyX2hhc2giOiI0NjI2YTE0Yzk1YjgxZjZjMTg2ZWViNzgxMmZkMmZmMTA1MmNlN2Y3In0=", "expire_date": "2016-11-15T22:42:39.191Z"}}, {"pk": "l5jtimf6njpgobsikx02e9qjcwv4kbm8", "model": "sessions.session", "fields": {"session_data": "OWQ4ODJjOTlhYTU0MmU0ZmU0NzAwNTQ1MzI5ZGIzN2M4ZGQxMzcxZDp7Il9hdXRoX3VzZXJfYmFja2VuZCI6ImRqYW5nby5jb250cmliLmF1dGguYmFja2VuZHMuTW9kZWxCYWNrZW5kIiwiX2F1dGhfdXNlcl9pZCI6IjEiLCJfYXV0aF91c2VyX2hhc2giOiI5MmE4MjRhN2M2NzEwM2IwMWNiMDIxNWM3MDE4OTIwOGE0ZmU2YmU5In0=", "expire_date": "2017-03-04T15:22:31.872Z"}}, {"pk": "ldx3gaevgx4sh9tky9m28grc71wlg6ah", "model": "sessions.session", "fields": {"session_data": "YWM4OGRmMzVhYWFmOWRmMWM5MzY1M2Q4ODE1Mzg1ODM5YmQ5ZWNhNzp7Il9hdXRoX3VzZXJfaGFzaCI6IjQ2MjZhMTRjOTViODFmNmMxODZlZWI3ODEyZmQyZmYxMDUyY2U3ZjciLCJfYXV0aF91c2VyX2JhY2tlbmQiOiJkamFuZ28uY29udHJpYi5hdXRoLmJhY2tlbmRzLk1vZGVsQmFja2VuZCIsIl9hdXRoX3VzZXJfaWQiOiIxIn0=", "expire_date": "2016-07-23T17:06:02.179Z"}}, {"pk": "ndmuen7e3oymvsqkx41auva5efh3ks6z", "model": "sessions.session", "fields": {"session_data": "YWM4OGRmMzVhYWFmOWRmMWM5MzY1M2Q4ODE1Mzg1ODM5YmQ5ZWNhNzp7Il9hdXRoX3VzZXJfaGFzaCI6IjQ2MjZhMTRjOTViODFmNmMxODZlZWI3ODEyZmQyZmYxMDUyY2U3ZjciLCJfYXV0aF91c2VyX2JhY2tlbmQiOiJkamFuZ28uY29udHJpYi5hdXRoLmJhY2tlbmRzLk1vZGVsQmFja2VuZCIsIl9hdXRoX3VzZXJfaWQiOiIxIn0=", "expire_date": "2016-07-05T21:50:21.483Z"}}, {"pk": "nv7thghi1h6nfsevpk2mb6yp1utiiw2u", "model": "sessions.session", "fields": {"session_data": "NmI5Y2Q5ZGY1OTA5NzY3M2Y0NDE4MzhhNGMxZjAyNzE5NjQ0MDMzYzp7Il9hdXRoX3VzZXJfaGFzaCI6IjQ2MjZhMTRjOTViODFmNmMxODZlZWI3ODEyZmQyZmYxMDUyY2U3ZjciLCJfYXV0aF91c2VyX2lkIjoiMSIsIl9hdXRoX3VzZXJfYmFja2VuZCI6ImRqYW5nby5jb250cmliLmF1dGguYmFja2VuZHMuTW9kZWxCYWNrZW5kIn0=", "expire_date": "2016-09-05T11:13:59.260Z"}}, {"pk": "o2yyjdd1owsvm6xht73mjumdoymmax8j", "model": "sessions.session", "fields": {"session_data": "NzY2ZDI3N2U1ODJmNzBlMGY0NTlhNWM2NGNkMWFjYWU5MzE1NmRjNTp7Il9hdXRoX3VzZXJfYmFja2VuZCI6ImRqYW5nby5jb250cmliLmF1dGguYmFja2VuZHMuTW9kZWxCYWNrZW5kIiwiX2F1dGhfdXNlcl9pZCI6IjEiLCJfYXV0aF91c2VyX2hhc2giOiI3ZjdlMjVmZGExNGY1MWFkNTM0ODA1YjA3MGNiMTgyMjBjM2U3MmMzIn0=", "expire_date": "2017-02-24T23:42:39.996Z"}}, {"pk": "qo5bm4erjy14fi3xyvbhq07u367gb0yc", "model": "sessions.session", "fields": {"session_data": "NmI5Y2Q5ZGY1OTA5NzY3M2Y0NDE4MzhhNGMxZjAyNzE5NjQ0MDMzYzp7Il9hdXRoX3VzZXJfaGFzaCI6IjQ2MjZhMTRjOTViODFmNmMxODZlZWI3ODEyZmQyZmYxMDUyY2U3ZjciLCJfYXV0aF91c2VyX2lkIjoiMSIsIl9hdXRoX3VzZXJfYmFja2VuZCI6ImRqYW5nby5jb250cmliLmF1dGguYmFja2VuZHMuTW9kZWxCYWNrZW5kIn0=", "expire_date": "2016-10-15T15:35:41.512Z"}}, {"pk": "ralsyztzcxif070yis3641ob8tisgegm", "model": "sessions.session", "fields": {"session_data": "ZGEzYWU5YWFlZmY1NGM4MTJlYWFmNjRkOWZmNTAwYTNkNWMzZjhlZDp7Il9hdXRoX3VzZXJfYmFja2VuZCI6ImRqYW5nby5jb250cmliLmF1dGguYmFja2VuZHMuTW9kZWxCYWNrZW5kIiwiX2F1dGhfdXNlcl9pZCI6IjEiLCJfYXV0aF91c2VyX2hhc2giOiI0NjI2YTE0Yzk1YjgxZjZjMTg2ZWViNzgxMmZkMmZmMTA1MmNlN2Y3In0=", "expire_date": "2016-08-08T22:01:28.235Z"}}, {"pk": "sa8zhxdfo7u4upid3vy4348snj8fdtpm", "model": "sessions.session", "fields": {"session_data": "MzM0ZmM5YjIzNGZkODk2MDkzNzBjN2ZlODY1OGIxNWQ3MTczOTkwZTp7Il9hdXRoX3VzZXJfaWQiOiIxIiwiX2F1dGhfdXNlcl9iYWNrZW5kIjoiZGphbmdvLmNvbnRyaWIuYXV0aC5iYWNrZW5kcy5Nb2RlbEJhY2tlbmQiLCJfYXV0aF91c2VyX2hhc2giOiI0NjI2YTE0Yzk1YjgxZjZjMTg2ZWViNzgxMmZkMmZmMTA1MmNlN2Y3In0=", "expire_date": "2016-08-02T18:22:27.409Z"}}, {"pk": "shfbv8j8m6qof4z6kk5y4faedn21t8en", "model": "sessions.session", "fields": {"session_data": "YWM4OGRmMzVhYWFmOWRmMWM5MzY1M2Q4ODE1Mzg1ODM5YmQ5ZWNhNzp7Il9hdXRoX3VzZXJfaGFzaCI6IjQ2MjZhMTRjOTViODFmNmMxODZlZWI3ODEyZmQyZmYxMDUyY2U3ZjciLCJfYXV0aF91c2VyX2JhY2tlbmQiOiJkamFuZ28uY29udHJpYi5hdXRoLmJhY2tlbmRzLk1vZGVsQmFja2VuZCIsIl9hdXRoX3VzZXJfaWQiOiIxIn0=", "expire_date": "2016-07-23T17:06:58.457Z"}}, {"pk": "smtrwrh9kvva41cfe0hv8g5rmcp5227d", "model": "sessions.session", "fields": {"session_data": "YWM4OGRmMzVhYWFmOWRmMWM5MzY1M2Q4ODE1Mzg1ODM5YmQ5ZWNhNzp7Il9hdXRoX3VzZXJfaGFzaCI6IjQ2MjZhMTRjOTViODFmNmMxODZlZWI3ODEyZmQyZmYxMDUyY2U3ZjciLCJfYXV0aF91c2VyX2JhY2tlbmQiOiJkamFuZ28uY29udHJpYi5hdXRoLmJhY2tlbmRzLk1vZGVsQmFja2VuZCIsIl9hdXRoX3VzZXJfaWQiOiIxIn0=", "expire_date": "2016-10-01T15:33:56.372Z"}}, {"pk": "v9qg802tjz77mtqpfetou7zfi91705hi", "model": "sessions.session", "fields": {"session_data": "ZDhmOGJkNGJmNWU3OWMxMTc4ODYyZWQ0YTg2OTYzYmJlY2Q5MGYyNDp7Il9hdXRoX3VzZXJfaWQiOiIxIiwiX2F1dGhfdXNlcl9iYWNrZW5kIjoiZGphbmdvLmNvbnRyaWIuYXV0aC5iYWNrZW5kcy5Nb2RlbEJhY2tlbmQiLCJfYXV0aF91c2VyX2hhc2giOiI3ZjdlMjVmZGExNGY1MWFkNTM0ODA1YjA3MGNiMTgyMjBjM2U3MmMzIn0=", "expire_date": "2017-02-18T21:55:26.629Z"}}, {"pk": "ytbd6tyzqd7ecmfk7lmi2sbgjrtnphzm", "model": "sessions.session", "fields": {"session_data": "YWM4OGRmMzVhYWFmOWRmMWM5MzY1M2Q4ODE1Mzg1ODM5YmQ5ZWNhNzp7Il9hdXRoX3VzZXJfaGFzaCI6IjQ2MjZhMTRjOTViODFmNmMxODZlZWI3ODEyZmQyZmYxMDUyY2U3ZjciLCJfYXV0aF91c2VyX2JhY2tlbmQiOiJkamFuZ28uY29udHJpYi5hdXRoLmJhY2tlbmRzLk1vZGVsQmFja2VuZCIsIl9hdXRoX3VzZXJfaWQiOiIxIn0=", "expire_date": "2016-08-24T17:31:28.451Z"}}, {"pk": "zqyvcs583su2jzijhihpnlme0kmf28td", "model": "sessions.session", "fields": {"session_data": "NjZlMmRhNzBhN2Q4ODIzYzZlODM2ZjQyMmUwOGM5MzRmYzA1MGUwMTp7Il9hdXRoX3VzZXJfaWQiOiIxIiwiX2F1dGhfdXNlcl9oYXNoIjoiNDYyNmExNGM5NWI4MWY2YzE4NmVlYjc4MTJmZDJmZjEwNTJjZTdmNyIsIl9hdXRoX3VzZXJfYmFja2VuZCI6ImRqYW5nby5jb250cmliLmF1dGguYmFja2VuZHMuTW9kZWxCYWNrZW5kIn0=", "expire_date": "2016-07-20T18:12:45.080Z"}}]
